"drive.id","file.location","filename","length","type"
"16","F://found.000/De50.wav","De50.wav",12173,"other"
"16","F://found.000/De51.wav","De51.wav",12173,"other"
"16","F://found.000/De52.wav","De52.wav",0,"other"
"16","F://MMP2012_SONGMETER/POPA-03/20120606-20120611/MMP-POPA03_20120606_072411.wav","MMP-POPA03_20120606_072411.wav",9351,"other"
"16","F://MMP2012_SONGMETER/POPA-03/20120606-20120611/MMP-POPA03_20120606_180000.wav","MMP-POPA03_20120606_180000.wav",12173,"other"
"16","F://MMP2012_SONGMETER/POPA-03/20120606-20120611/MMP-POPA03_20120606_212258.wav","MMP-POPA03_20120606_212258.wav",2224,"other"
"16","F://MMP2012_SONGMETER/POPA-03/20120606-20120611/MMP-POPA03_20120607_040000.wav","MMP-POPA03_20120607_040000.wav",12173,"other"
"16","F://MMP2012_SONGMETER/POPA-03/20120606-20120611/MMP-POPA03_20120607_072258.wav","MMP-POPA03_20120607_072258.wav",9424,"other"
"16","F://MMP2012_SONGMETER/POPA-03/20120606-20120611/MMP-POPA03_20120607_180000.wav","MMP-POPA03_20120607_180000.wav",12173,"other"
"16","F://MMP2012_SONGMETER/POPA-03/20120606-20120611/MMP-POPA03_20120607_212258.wav","MMP-POPA03_20120607_212258.wav",2224,"other"
"16","F://MMP2012_SONGMETER/POPA-03/20120606-20120611/MMP-POPA03_20120608_040000.wav","MMP-POPA03_20120608_040000.wav",12173,"other"
"16","F://MMP2012_SONGMETER/POPA-03/20120606-20120611/MMP-POPA03_20120608_072258.wav","MMP-POPA03_20120608_072258.wav",9424,"other"
"16","F://MMP2012_SONGMETER/POPA-03/20120606-20120611/MMP-POPA03_20120608_180000.wav","MMP-POPA03_20120608_180000.wav",12173,"other"
"16","F://MMP2012_SONGMETER/POPA-03/20120606-20120611/MMP-POPA03_20120608_212258.wav","MMP-POPA03_20120608_212258.wav",2224,"other"
"16","F://MMP2012_SONGMETER/POPA-03/20120606-20120611/MMP-POPA03_20120609_040000.wav","MMP-POPA03_20120609_040000.wav",12173,"other"
"16","F://MMP2012_SONGMETER/POPA-03/20120606-20120611/MMP-POPA03_20120609_072258.wav","MMP-POPA03_20120609_072258.wav",9424,"other"
"16","F://MMP2012_SONGMETER/POPA-03/20120606-20120611/MMP-POPA03_20120609_180000.wav","MMP-POPA03_20120609_180000.wav",12173,"other"
"16","F://MMP2012_SONGMETER/POPA-03/20120606-20120611/MMP-POPA03_20120609_212258.wav","MMP-POPA03_20120609_212258.wav",2224,"other"
"16","F://MMP2012_SONGMETER/POPA-03/20120606-20120611/MMP-POPA03_20120610_040000.wav","MMP-POPA03_20120610_040000.wav",12173,"other"
"16","F://MMP2012_SONGMETER/POPA-03/20120606-20120611/MMP-POPA03_20120610_072258.wav","MMP-POPA03_20120610_072258.wav",9424,"other"
"16","F://MMP2012_SONGMETER/POPA-03/20120606-20120611/MMP-POPA03_20120610_180000.wav","MMP-POPA03_20120610_180000.wav",12173,"other"
"16","F://MMP2012_SONGMETER/POPA-03/20120606-20120611/MMP-POPA03_20120610_212258.wav","MMP-POPA03_20120610_212258.wav",2224,"other"
"16","F://MMP2012_SONGMETER/POPA-03/20120606-20120611/MMP-POPA03_20120611_040000.wav","MMP-POPA03_20120611_040000.wav",12173,"other"
"16","F://MMP2012_SONGMETER/POPA-03/20120606-20120611/MMP-POPA03_20120611_212258.wav","MMP-POPA03_20120611_212258.wav",2224,"other"
"16","F://MMP2012_SONGMETER/POPA-03/20120611-20120614/MMP-POPA03_20120611_072259.wav","MMP-POPA03_20120611_072259.wav",9423,"other"
"16","F://MMP2012_SONGMETER/POPA-03/20120611-20120614/MMP-POPA03_20120611_180000.wav","MMP-POPA03_20120611_180000.wav",12173,"other"
"16","F://MMP2012_SONGMETER/POPA-03/20120611-20120614/MMP-POPA03_20120612_040000.wav","MMP-POPA03_20120612_040000.wav",12173,"other"
"16","F://MMP2012_SONGMETER/POPA-03/20120611-20120614/MMP-POPA03_20120612_072258.wav","MMP-POPA03_20120612_072258.wav",9424,"other"
"16","F://MMP2012_SONGMETER/POPA-03/20120611-20120614/MMP-POPA03_20120612_180000.wav","MMP-POPA03_20120612_180000.wav",12173,"other"
"16","F://MMP2012_SONGMETER/POPA-03/20120611-20120614/MMP-POPA03_20120612_212258.wav","MMP-POPA03_20120612_212258.wav",2224,"other"
"16","F://MMP2012_SONGMETER/POPA-03/20120611-20120614/MMP-POPA03_20120613_040000.wav","MMP-POPA03_20120613_040000.wav",12173,"other"
"16","F://MMP2012_SONGMETER/POPA-03/20120611-20120614/MMP-POPA03_20120613_072258.wav","MMP-POPA03_20120613_072258.wav",9424,"other"
"16","F://MMP2012_SONGMETER/POPA-03/20120611-20120614/MMP-POPA03_20120613_180000.wav","MMP-POPA03_20120613_180000.wav",12173,"other"
"16","F://MMP2012_SONGMETER/POPA-03/20120611-20120614/MMP-POPA03_20120613_212258.wav","MMP-POPA03_20120613_212258.wav",2224,"other"
"16","F://MMP2012_SONGMETER/POPA-03/20120611-20120614/MMP-POPA03_20120614_040000.wav","MMP-POPA03_20120614_040000.wav",12173,"other"
"16","F://MMP2012_SONGMETER/POPA-03/20120611-20120614/MMP-POPA03_20120614_072258.wav","MMP-POPA03_20120614_072258.wav",9424,"other"
"16","F://MMP2012_SONGMETER/POPA-03/20120616-20120619/MMP-POPA03_20120616_180000.wav","MMP-POPA03_20120616_180000.wav",12173,"other"
"16","F://MMP2012_SONGMETER/POPA-03/20120616-20120619/MMP-POPA03_20120616_212258.wav","MMP-POPA03_20120616_212258.wav",2224,"other"
"16","F://MMP2012_SONGMETER/POPA-03/20120616-20120619/MMP-POPA03_20120617_040000.wav","MMP-POPA03_20120617_040000.wav",12173,"other"
"16","F://MMP2012_SONGMETER/POPA-03/20120616-20120619/MMP-POPA03_20120617_072258.wav","MMP-POPA03_20120617_072258.wav",9424,"other"
"16","F://MMP2012_SONGMETER/POPA-03/20120616-20120619/MMP-POPA03_20120617_180000.wav","MMP-POPA03_20120617_180000.wav",12173,"other"
"16","F://MMP2012_SONGMETER/POPA-03/20120616-20120619/MMP-POPA03_20120617_212258.wav","MMP-POPA03_20120617_212258.wav",2224,"other"
"16","F://MMP2012_SONGMETER/POPA-03/20120616-20120619/MMP-POPA03_20120618_040000.wav","MMP-POPA03_20120618_040000.wav",12173,"other"
"16","F://MMP2012_SONGMETER/POPA-03/20120616-20120619/MMP-POPA03_20120618_212259.wav","MMP-POPA03_20120618_212259.wav",2223,"other"
"16","F://MMP2012_SONGMETER/POPA-03/20120616-20120619/MMP-POPA03_20120619_212259.wav","MMP-POPA03_20120619_212259.wav",2223,"other"
"16","F://MMP2012_SONGMETER/POPA-03/20120618-20120625/MMP-POPA03_20120618_072259.wav","MMP-POPA03_20120618_072259.wav",9424,"other"
"16","F://MMP2012_SONGMETER/POPA-03/20120618-20120625/MMP-POPA03_20120618_180000.wav","MMP-POPA03_20120618_180000.wav",12173,"other"
"16","F://MMP2012_SONGMETER/POPA-03/20120618-20120625/MMP-POPA03_20120619_040000.wav","MMP-POPA03_20120619_040000.wav",12173,"other"
"16","F://MMP2012_SONGMETER/POPA-03/20120618-20120625/MMP-POPA03_20120619_072259.wav","MMP-POPA03_20120619_072259.wav",9423,"other"
"16","F://MMP2012_SONGMETER/POPA-03/20120618-20120625/MMP-POPA03_20120619_180000.wav","MMP-POPA03_20120619_180000.wav",12173,"other"
"16","F://MMP2012_SONGMETER/POPA-03/20120618-20120625/MMP-POPA03_20120620_040000.wav","MMP-POPA03_20120620_040000.wav",12173,"other"
"16","F://MMP2012_SONGMETER/POPA-03/20120618-20120625/MMP-POPA03_20120620_072259.wav","MMP-POPA03_20120620_072259.wav",9423,"other"
"16","F://MMP2012_SONGMETER/POPA-03/20120618-20120625/MMP-POPA03_20120620_180000.wav","MMP-POPA03_20120620_180000.wav",12173,"other"
"16","F://MMP2012_SONGMETER/POPA-03/20120618-20120625/MMP-POPA03_20120620_212259.wav","MMP-POPA03_20120620_212259.wav",2223,"other"
"16","F://MMP2012_SONGMETER/POPA-03/20120618-20120625/MMP-POPA03_20120621_040000.wav","MMP-POPA03_20120621_040000.wav",12173,"other"
"16","F://MMP2012_SONGMETER/POPA-03/20120618-20120625/MMP-POPA03_20120621_072259.wav","MMP-POPA03_20120621_072259.wav",9423,"other"
"16","F://MMP2012_SONGMETER/POPA-03/20120618-20120625/MMP-POPA03_20120621_180000.wav","MMP-POPA03_20120621_180000.wav",12173,"other"
"16","F://MMP2012_SONGMETER/POPA-03/20120618-20120625/MMP-POPA03_20120621_212259.wav","MMP-POPA03_20120621_212259.wav",2223,"other"
"16","F://MMP2012_SONGMETER/POPA-03/20120618-20120625/MMP-POPA03_20120622_040000.wav","MMP-POPA03_20120622_040000.wav",12173,"other"
"16","F://MMP2012_SONGMETER/POPA-03/20120618-20120625/MMP-POPA03_20120622_072259.wav","MMP-POPA03_20120622_072259.wav",9423,"other"
"16","F://MMP2012_SONGMETER/POPA-03/20120618-20120625/MMP-POPA03_20120622_180000.wav","MMP-POPA03_20120622_180000.wav",12173,"other"
"16","F://MMP2012_SONGMETER/POPA-03/20120618-20120625/MMP-POPA03_20120622_212259.wav","MMP-POPA03_20120622_212259.wav",2223,"other"
"16","F://MMP2012_SONGMETER/POPA-03/20120618-20120625/MMP-POPA03_20120623_040000.wav","MMP-POPA03_20120623_040000.wav",12173,"other"
"16","F://MMP2012_SONGMETER/POPA-03/20120618-20120625/MMP-POPA03_20120623_212258.wav","MMP-POPA03_20120623_212258.wav",2224,"other"
"16","F://MMP2012_SONGMETER/POPA-03/20120618-20120625/MMP-POPA03_20120624_212258.wav","MMP-POPA03_20120624_212258.wav",2224,"other"
"16","F://MMP2012_SONGMETER/POPA-03/20120618-20120625/MMP-POPA03_20120625_212258.wav","MMP-POPA03_20120625_212258.wav",2224,"other"
"16","F://MMP2012_SONGMETER/POPA-03/20120623-20120628/MMP-POPA03_20120623_072259.wav","MMP-POPA03_20120623_072259.wav",9423,"other"
"16","F://MMP2012_SONGMETER/POPA-03/20120623-20120628/MMP-POPA03_20120623_180000.wav","MMP-POPA03_20120623_180000.wav",12173,"other"
"16","F://MMP2012_SONGMETER/POPA-03/20120623-20120628/MMP-POPA03_20120624_040000.wav","MMP-POPA03_20120624_040000.wav",12173,"other"
"16","F://MMP2012_SONGMETER/POPA-03/20120623-20120628/MMP-POPA03_20120624_072258.wav","MMP-POPA03_20120624_072258.wav",9424,"other"
"16","F://MMP2012_SONGMETER/POPA-03/20120623-20120628/MMP-POPA03_20120624_180000.wav","MMP-POPA03_20120624_180000.wav",12173,"other"
"16","F://MMP2012_SONGMETER/POPA-03/20120623-20120628/MMP-POPA03_20120625_040000.wav","MMP-POPA03_20120625_040000.wav",12173,"other"
"16","F://MMP2012_SONGMETER/POPA-03/20120623-20120628/MMP-POPA03_20120625_072258.wav","MMP-POPA03_20120625_072258.wav",9424,"other"
"16","F://MMP2012_SONGMETER/POPA-03/20120623-20120628/MMP-POPA03_20120625_180000.wav","MMP-POPA03_20120625_180000.wav",12173,"other"
"16","F://MMP2012_SONGMETER/POPA-03/20120623-20120628/MMP-POPA03_20120626_040000.wav","MMP-POPA03_20120626_040000.wav",12173,"other"
"16","F://MMP2012_SONGMETER/POPA-03/20120623-20120628/MMP-POPA03_20120626_072258.wav","MMP-POPA03_20120626_072258.wav",9424,"other"
"16","F://MMP2012_SONGMETER/POPA-03/20120623-20120628/MMP-POPA03_20120626_180000.wav","MMP-POPA03_20120626_180000.wav",12173,"other"
"16","F://MMP2012_SONGMETER/POPA-03/20120623-20120628/MMP-POPA03_20120626_212258.wav","MMP-POPA03_20120626_212258.wav",2224,"other"
"16","F://MMP2012_SONGMETER/POPA-03/20120623-20120628/MMP-POPA03_20120627_040530.wav","MMP-POPA03_20120627_040530.wav",12173,"other"
"16","F://MMP2012_SONGMETER/POPA-03/20120623-20120628/MMP-POPA03_20120627_072828.wav","MMP-POPA03_20120627_072828.wav",9094,"other"
"16","F://MMP2012_SONGMETER/POPA-03/20120623-20120628/MMP-POPA03_20120627_180531.wav","MMP-POPA03_20120627_180531.wav",12173,"other"
"16","F://MMP2012_SONGMETER/POPA-03/20120623-20120628/MMP-POPA03_20120627_212829.wav","MMP-POPA03_20120627_212829.wav",1893,"other"
"16","F://MMP2012_SONGMETER/POPA-03/20120623-20120628/MMP-POPA03_20120628_040531.wav","MMP-POPA03_20120628_040531.wav",12173,"other"
"16","F://MMP2012_SONGMETER/POPA-03/20120623-20120628/MMP-POPA03_20120628_072829.wav","MMP-POPA03_20120628_072829.wav",9093,"other"
"16","F://MMP2012_SONGMETER/POPA-04_underwater/20120625-20120629/MMP-POPA04_20120625_055950.wav","MMP-POPA04_20120625_055950.wav",5.13,"other"
"16","F://MMP2012_SONGMETER/POPA-04_underwater/20120625-20120629/MMP-POPA04_20120625_060009.wav","MMP-POPA04_20120625_060009.wav",12173,"other"
"16","F://MMP2012_SONGMETER/POPA-04_underwater/20120625-20120629/MMP-POPA04_20120625_092308.wav","MMP-POPA04_20120625_092308.wav",2214,"other"
"16","F://MMP2012_SONGMETER/POPA-04_underwater/20120625-20120629/MMP-POPA04_20120625_190000.wav","MMP-POPA04_20120625_190000.wav",12173,"other"
"16","F://MMP2012_SONGMETER/POPA-04_underwater/20120625-20120629/MMP-POPA04_20120625_222259.wav","MMP-POPA04_20120625_222259.wav",2223,"other"
"16","F://MMP2012_SONGMETER/POPA-04_underwater/20120625-20120629/MMP-POPA04_20120626_040000.wav","MMP-POPA04_20120626_040000.wav",12173,"other"
"16","F://MMP2012_SONGMETER/POPA-04_underwater/20120625-20120629/MMP-POPA04_20120626_072259.wav","MMP-POPA04_20120626_072259.wav",9423,"other"
"16","F://MMP2012_SONGMETER/POPA-04_underwater/20120625-20120629/MMP-POPA04_20120626_190000.wav","MMP-POPA04_20120626_190000.wav",12173,"other"
"16","F://MMP2012_SONGMETER/POPA-04_underwater/20120625-20120629/MMP-POPA04_20120626_222259.wav","MMP-POPA04_20120626_222259.wav",2223,"other"
"16","F://MMP2012_SONGMETER/POPA-04_underwater/20120625-20120629/MMP-POPA04_20120627_040000.wav","MMP-POPA04_20120627_040000.wav",12173,"other"
"16","F://MMP2012_SONGMETER/POPA-04_underwater/20120625-20120629/MMP-POPA04_20120627_072259.wav","MMP-POPA04_20120627_072259.wav",9423,"other"
"16","F://MMP2012_SONGMETER/POPA-04_underwater/20120625-20120629/MMP-POPA04_20120627_190000.wav","MMP-POPA04_20120627_190000.wav",12173,"other"
"16","F://MMP2012_SONGMETER/POPA-04_underwater/20120625-20120629/MMP-POPA04_20120627_222259.wav","MMP-POPA04_20120627_222259.wav",2223,"other"
"16","F://MMP2012_SONGMETER/POPA-04_underwater/20120625-20120629/MMP-POPA04_20120628_040000.wav","MMP-POPA04_20120628_040000.wav",12173,"other"
"16","F://MMP2012_SONGMETER/POPA-04_underwater/20120625-20120629/MMP-POPA04_20120628_072259.wav","MMP-POPA04_20120628_072259.wav",9423,"other"
"16","F://MMP2012_SONGMETER/POPA-04_underwater/20120625-20120629/MMP-POPA04_20120628_190000.wav","MMP-POPA04_20120628_190000.wav",12173,"other"
"16","F://MMP2012_SONGMETER/POPA-04_underwater/20120625-20120629/MMP-POPA04_20120628_222259.wav","MMP-POPA04_20120628_222259.wav",2223,"other"
"16","F://MMP2012_SONGMETER/POPA-04_underwater/20120625-20120629/MMP-POPA04_20120629_040000.wav","MMP-POPA04_20120629_040000.wav",12173,"other"
"16","F://MMP2012_SONGMETER/POPA-04_underwater/20120625-20120629/MMP-POPA04_20120629_072259.wav","MMP-POPA04_20120629_072259.wav",9423,"other"
"16","F://MMP2012_SONGMETER/POPA-11/20120615-20120622/MMP-POPA11_20120619_092751.wav","MMP-POPA11_20120619_092751.wav",1933,"other"
"16","F://MMP2012_SONGMETER/POPA-11/20120615-20120622/MMP-POPA11_20120619_180000.wav","MMP-POPA11_20120619_180000.wav",12173,"other"
"16","F://MMP2012_SONGMETER/POPA-11/20120615-20120622/MMP-POPA11_20120619_212258.wav","MMP-POPA11_20120619_212258.wav",2224,"other"
"16","F://MMP2012_SONGMETER/POPA-11/20120615-20120622/MMP-POPA11_20120620_040000.wav","MMP-POPA11_20120620_040000.wav",12173,"other"
"16","F://MMP2012_SONGMETER/POPA-11/20120615-20120622/MMP-POPA11_20120620_072258.wav","MMP-POPA11_20120620_072258.wav",9424,"other"
"16","F://MMP2012_SONGMETER/POPA-11/20120615-20120622/MMP-POPA11_20120620_180000.wav","MMP-POPA11_20120620_180000.wav",12173,"other"
"16","F://MMP2012_SONGMETER/POPA-11/20120615-20120622/MMP-POPA11_20120620_212258.wav","MMP-POPA11_20120620_212258.wav",2224,"other"
"16","F://MMP2012_SONGMETER/POPA-11/20120615-20120622/MMP-POPA11_20120621_040000.wav","MMP-POPA11_20120621_040000.wav",12173,"other"
"16","F://MMP2012_SONGMETER/POPA-11/20120615-20120622/MMP-POPA11_20120621_072258.wav","MMP-POPA11_20120621_072258.wav",9424,"other"
"16","F://MMP2012_SONGMETER/POPA-11/20120615-20120622/MMP-POPA11_20120621_180000.wav","MMP-POPA11_20120621_180000.wav",12173,"other"
"16","F://MMP2012_SONGMETER/POPA-11/20120615-20120622/MMP-POPA11_20120621_212258.wav","MMP-POPA11_20120621_212258.wav",2224,"other"
"16","F://MMP2012_SONGMETER/POPA-11/20120615-20120622/MMP-POPA11_20120622_040000.wav","MMP-POPA11_20120622_040000.wav",12173,"other"
"16","F://MMP2012_SONGMETER/POPA-11/20120615-20120622/MMP-POPA11_20120622_072258.wav","MMP-POPA11_20120622_072258.wav",9424,"other"
"16","F://MMP2012_SONGMETER/POPA-11/20120615-20120622/MMP-POPA11_20120622_212259.wav","MMP-POPA11_20120622_212259.wav",2223,"other"
"16","F://MMP2012_SONGMETER/POPA-11/20120622-20120628/MMP-POPA11_20120622_180000.wav","MMP-POPA11_20120622_180000.wav",12173,"other"
"16","F://MMP2012_SONGMETER/POPA-11/20120622-20120628/MMP-POPA11_20120623_040000.wav","MMP-POPA11_20120623_040000.wav",12173,"other"
"16","F://MMP2012_SONGMETER/POPA-11/20120622-20120628/MMP-POPA11_20120623_072259.wav","MMP-POPA11_20120623_072259.wav",9423,"other"
"16","F://MMP2012_SONGMETER/POPA-11/20120622-20120628/MMP-POPA11_20120623_180000.wav","MMP-POPA11_20120623_180000.wav",12173,"other"
"16","F://MMP2012_SONGMETER/POPA-11/20120622-20120628/MMP-POPA11_20120623_212259.wav","MMP-POPA11_20120623_212259.wav",2223,"other"
"16","F://MMP2012_SONGMETER/POPA-11/20120622-20120628/MMP-POPA11_20120624_040000.wav","MMP-POPA11_20120624_040000.wav",12173,"other"
"16","F://MMP2012_SONGMETER/POPA-11/20120622-20120628/MMP-POPA11_20120624_072259.wav","MMP-POPA11_20120624_072259.wav",9423,"other"
"16","F://MMP2012_SONGMETER/POPA-11/20120622-20120628/MMP-POPA11_20120624_180000.wav","MMP-POPA11_20120624_180000.wav",12173,"other"
"16","F://MMP2012_SONGMETER/POPA-11/20120622-20120628/MMP-POPA11_20120624_212259.wav","MMP-POPA11_20120624_212259.wav",2223,"other"
"16","F://MMP2012_SONGMETER/POPA-11/20120622-20120628/MMP-POPA11_20120625_040000.wav","MMP-POPA11_20120625_040000.wav",12173,"other"
"16","F://MMP2012_SONGMETER/POPA-11/20120622-20120628/MMP-POPA11_20120625_072259.wav","MMP-POPA11_20120625_072259.wav",9423,"other"
"16","F://MMP2012_SONGMETER/POPA-11/20120622-20120628/MMP-POPA11_20120625_180000.wav","MMP-POPA11_20120625_180000.wav",12173,"other"
"16","F://MMP2012_SONGMETER/POPA-11/20120622-20120628/MMP-POPA11_20120625_212259.wav","MMP-POPA11_20120625_212259.wav",2223,"other"
"16","F://MMP2012_SONGMETER/POPA-11/20120622-20120628/MMP-POPA11_20120626_040000.wav","MMP-POPA11_20120626_040000.wav",12173,"other"
"16","F://MMP2012_SONGMETER/POPA-11/20120622-20120628/MMP-POPA11_20120626_072259.wav","MMP-POPA11_20120626_072259.wav",9423,"other"
"16","F://MMP2012_SONGMETER/POPA-11/20120622-20120628/MMP-POPA11_20120626_180000.wav","MMP-POPA11_20120626_180000.wav",12173,"other"
"16","F://MMP2012_SONGMETER/POPA-11/20120622-20120628/MMP-POPA11_20120626_212259.wav","MMP-POPA11_20120626_212259.wav",2223,"other"
"16","F://MMP2012_SONGMETER/POPA-11/20120622-20120628/MMP-POPA11_20120627_040000.wav","MMP-POPA11_20120627_040000.wav",12173,"other"
"16","F://MMP2012_SONGMETER/POPA-11/20120622-20120628/MMP-POPA11_20120627_072259.wav","MMP-POPA11_20120627_072259.wav",9423,"other"
"16","F://MMP2012_SONGMETER/POPA-11/20120622-20120628/MMP-POPA11_20120627_212257.wav","MMP-POPA11_20120627_212257.wav",2225,"other"
"16","F://MMP2012_SONGMETER/POPA-11/20120622-20120628/MMP-POPA11_20120628_212258.wav","MMP-POPA11_20120628_212258.wav",2224,"other"
"16","F://MMP2012_SONGMETER/POPA-11/20120627-20120702/MMP-POPA11_20120627_180000.wav","MMP-POPA11_20120627_180000.wav",12173,"other"
"16","F://MMP2012_SONGMETER/POPA-11/20120627-20120702/MMP-POPA11_20120628_040000.wav","MMP-POPA11_20120628_040000.wav",12173,"other"
"16","F://MMP2012_SONGMETER/POPA-11/20120627-20120702/MMP-POPA11_20120628_072258.wav","MMP-POPA11_20120628_072258.wav",9424,"other"
"16","F://MMP2012_SONGMETER/POPA-11/20120627-20120702/MMP-POPA11_20120628_180000.wav","MMP-POPA11_20120628_180000.wav",12173,"other"
"16","F://MMP2012_SONGMETER/POPA-11/20120627-20120702/MMP-POPA11_20120629_040000.wav","MMP-POPA11_20120629_040000.wav",12173,"other"
"16","F://MMP2012_SONGMETER/POPA-11/20120627-20120702/MMP-POPA11_20120629_072258.wav","MMP-POPA11_20120629_072258.wav",9424,"other"
"16","F://MMP2012_SONGMETER/POPA-11/20120627-20120702/MMP-POPA11_20120629_180000.wav","MMP-POPA11_20120629_180000.wav",12173,"other"
"16","F://MMP2012_SONGMETER/POPA-11/20120627-20120702/MMP-POPA11_20120629_212258.wav","MMP-POPA11_20120629_212258.wav",2224,"other"
"16","F://MMP2012_SONGMETER/POPA-11/20120627-20120702/MMP-POPA11_20120630_040000.wav","MMP-POPA11_20120630_040000.wav",12173,"other"
"16","F://MMP2012_SONGMETER/POPA-11/20120627-20120702/MMP-POPA11_20120630_072258.wav","MMP-POPA11_20120630_072258.wav",9424,"other"
"16","F://MMP2012_SONGMETER/POPA-11/20120627-20120702/MMP-POPA11_20120630_180000.wav","MMP-POPA11_20120630_180000.wav",12173,"other"
"16","F://MMP2012_SONGMETER/POPA-11/20120627-20120702/MMP-POPA11_20120630_212258.wav","MMP-POPA11_20120630_212258.wav",2224,"other"
"16","F://MMP2012_SONGMETER/POPA-11/20120627-20120702/MMP-POPA11_20120701_040000.wav","MMP-POPA11_20120701_040000.wav",12173,"other"
"16","F://MMP2012_SONGMETER/POPA-11/20120627-20120702/MMP-POPA11_20120701_072258.wav","MMP-POPA11_20120701_072258.wav",9424,"other"
"16","F://MMP2012_SONGMETER/POPA-11/20120627-20120702/MMP-POPA11_20120701_180000.wav","MMP-POPA11_20120701_180000.wav",12173,"other"
"16","F://MMP2012_SONGMETER/POPA-11/20120627-20120702/MMP-POPA11_20120701_212259.wav","MMP-POPA11_20120701_212259.wav",2223,"other"
"16","F://MMP2012_SONGMETER/POPA-11/20120627-20120702/MMP-POPA11_20120702_040000.wav","MMP-POPA11_20120702_040000.wav",12173,"other"
"16","F://MMP2012_SONGMETER/POPA-11/20120627-20120702/MMP-POPA11_20120702_072258.wav","MMP-POPA11_20120702_072258.wav",9424,"other"
"16","F://MMP2012_SONGMETER/POPA-13/20120625-20120629/MMP-POPA13_20120620_180000.wav","MMP-POPA13_20120620_180000.wav",0,"other"
"16","F://MMP2012_SONGMETER/POPA-13/20120625-20120629/MMP-POPA13_20120625_083346.wav","MMP-POPA13_20120625_083346.wav",5178,"other"
"16","F://MMP2012_SONGMETER/POPA-13/20120625-20120629/MMP-POPA13_20120625_190000.wav","MMP-POPA13_20120625_190000.wav",12173,"other"
"16","F://MMP2012_SONGMETER/POPA-13/20120625-20120629/MMP-POPA13_20120625_222258.wav","MMP-POPA13_20120625_222258.wav",2224,"other"
"16","F://MMP2012_SONGMETER/POPA-13/20120625-20120629/MMP-POPA13_20120626_040000.wav","MMP-POPA13_20120626_040000.wav",12173,"other"
"16","F://MMP2012_SONGMETER/POPA-13/20120625-20120629/MMP-POPA13_20120626_072259.wav","MMP-POPA13_20120626_072259.wav",9423,"other"
"16","F://MMP2012_SONGMETER/POPA-13/20120625-20120629/MMP-POPA13_20120626_190000.wav","MMP-POPA13_20120626_190000.wav",12173,"other"
"16","F://MMP2012_SONGMETER/POPA-13/20120625-20120629/MMP-POPA13_20120626_222258.wav","MMP-POPA13_20120626_222258.wav",2224,"other"
"16","F://MMP2012_SONGMETER/POPA-13/20120625-20120629/MMP-POPA13_20120627_040000.wav","MMP-POPA13_20120627_040000.wav",12173,"other"
"16","F://MMP2012_SONGMETER/POPA-13/20120625-20120629/MMP-POPA13_20120627_072258.wav","MMP-POPA13_20120627_072258.wav",9424,"other"
"16","F://MMP2012_SONGMETER/POPA-13/20120625-20120629/MMP-POPA13_20120627_190000.wav","MMP-POPA13_20120627_190000.wav",12173,"other"
"16","F://MMP2012_SONGMETER/POPA-13/20120625-20120629/MMP-POPA13_20120627_222258.wav","MMP-POPA13_20120627_222258.wav",2224,"other"
"16","F://MMP2012_SONGMETER/POPA-13/20120625-20120629/MMP-POPA13_20120628_040000.wav","MMP-POPA13_20120628_040000.wav",12173,"other"
"16","F://MMP2012_SONGMETER/POPA-13/20120625-20120629/MMP-POPA13_20120628_072258.wav","MMP-POPA13_20120628_072258.wav",9424,"other"
"16","F://MMP2012_SONGMETER/POPA-13/20120625-20120629/MMP-POPA13_20120628_222258.wav","MMP-POPA13_20120628_222258.wav",2224,"other"
"16","F://MMP2012_SONGMETER/POPA-13/20120625-20120629/MMP-POPA13_20120629_222258.wav","MMP-POPA13_20120629_222258.wav",2224,"other"
"16","F://MMP2012_SONGMETER/POPA-13/20120628-20120703/MMP-POPA13_20120628_190000.wav","MMP-POPA13_20120628_190000.wav",12173,"other"
"16","F://MMP2012_SONGMETER/POPA-13/20120628-20120703/MMP-POPA13_20120629_040000.wav","MMP-POPA13_20120629_040000.wav",12173,"other"
"16","F://MMP2012_SONGMETER/POPA-13/20120628-20120703/MMP-POPA13_20120629_072258.wav","MMP-POPA13_20120629_072258.wav",9424,"other"
"16","F://MMP2012_SONGMETER/POPA-13/20120628-20120703/MMP-POPA13_20120629_190000.wav","MMP-POPA13_20120629_190000.wav",12173,"other"
"16","F://MMP2012_SONGMETER/POPA-13/20120628-20120703/MMP-POPA13_20120630_040000.wav","MMP-POPA13_20120630_040000.wav",12173,"other"
"16","F://MMP2012_SONGMETER/POPA-13/20120628-20120703/MMP-POPA13_20120630_072258.wav","MMP-POPA13_20120630_072258.wav",9424,"other"
"16","F://MMP2012_SONGMETER/POPA-13/20120628-20120703/MMP-POPA13_20120630_190000.wav","MMP-POPA13_20120630_190000.wav",12173,"other"
"16","F://MMP2012_SONGMETER/POPA-13/20120628-20120703/MMP-POPA13_20120630_222258.wav","MMP-POPA13_20120630_222258.wav",2224,"other"
"16","F://MMP2012_SONGMETER/POPA-13/20120628-20120703/MMP-POPA13_20120701_040000.wav","MMP-POPA13_20120701_040000.wav",12173,"other"
"16","F://MMP2012_SONGMETER/POPA-13/20120628-20120703/MMP-POPA13_20120701_072258.wav","MMP-POPA13_20120701_072258.wav",9424,"other"
"16","F://MMP2012_SONGMETER/POPA-13/20120628-20120703/MMP-POPA13_20120701_190000.wav","MMP-POPA13_20120701_190000.wav",12173,"other"
"16","F://MMP2012_SONGMETER/POPA-13/20120628-20120703/MMP-POPA13_20120701_222258.wav","MMP-POPA13_20120701_222258.wav",2224,"other"
"16","F://MMP2012_SONGMETER/POPA-13/20120628-20120703/MMP-POPA13_20120702_040000.wav","MMP-POPA13_20120702_040000.wav",12173,"other"
"16","F://MMP2012_SONGMETER/POPA-13/20120628-20120703/MMP-POPA13_20120702_072258.wav","MMP-POPA13_20120702_072258.wav",9424,"other"
"16","F://MMP2012_SONGMETER/POPA-13/20120628-20120703/MMP-POPA13_20120702_190000.wav","MMP-POPA13_20120702_190000.wav",12173,"other"
"16","F://MMP2012_SONGMETER/POPA-13/20120628-20120703/MMP-POPA13_20120702_222259.wav","MMP-POPA13_20120702_222259.wav",2223,"other"
"16","F://MMP2012_SONGMETER/POPA-13/20120628-20120703/MMP-POPA13_20120703_040000.wav","MMP-POPA13_20120703_040000.wav",12173,"other"
"16","F://MMP2012_SONGMETER/POPA-13/20120628-20120703/MMP-POPA13_20120703_072259.wav","MMP-POPA13_20120703_072259.wav",9423,"other"
"16","F://MMP2012_SONGMETER/POPA-13/20120628-20120703/MMP-POPA13_20120703_190000.wav","MMP-POPA13_20120703_190000.wav",12173,"other"
"16","F://MMP2012_SONGMETER/POPA-13/20120703-20120708/MMP-POPA13_20120703_222258.wav","MMP-POPA13_20120703_222258.wav",2224,"other"
"16","F://MMP2012_SONGMETER/POPA-13/20120703-20120708/MMP-POPA13_20120704_040000.wav","MMP-POPA13_20120704_040000.wav",12173,"other"
"16","F://MMP2012_SONGMETER/POPA-13/20120703-20120708/MMP-POPA13_20120704_072258.wav","MMP-POPA13_20120704_072258.wav",9425,"other"
"16","F://MMP2012_SONGMETER/POPA-13/20120703-20120708/MMP-POPA13_20120704_190000.wav","MMP-POPA13_20120704_190000.wav",12173,"other"
"16","F://MMP2012_SONGMETER/POPA-13/20120703-20120708/MMP-POPA13_20120704_222258.wav","MMP-POPA13_20120704_222258.wav",2224,"other"
"16","F://MMP2012_SONGMETER/POPA-13/20120703-20120708/MMP-POPA13_20120705_040000.wav","MMP-POPA13_20120705_040000.wav",12173,"other"
"16","F://MMP2012_SONGMETER/POPA-13/20120703-20120708/MMP-POPA13_20120705_072258.wav","MMP-POPA13_20120705_072258.wav",9424,"other"
"16","F://MMP2012_SONGMETER/POPA-13/20120703-20120708/MMP-POPA13_20120705_190000.wav","MMP-POPA13_20120705_190000.wav",12173,"other"
"16","F://MMP2012_SONGMETER/POPA-13/20120703-20120708/MMP-POPA13_20120705_222258.wav","MMP-POPA13_20120705_222258.wav",2224,"other"
"16","F://MMP2012_SONGMETER/POPA-13/20120703-20120708/MMP-POPA13_20120706_040000.wav","MMP-POPA13_20120706_040000.wav",12173,"other"
"16","F://MMP2012_SONGMETER/POPA-13/20120703-20120708/MMP-POPA13_20120706_072258.wav","MMP-POPA13_20120706_072258.wav",9424,"other"
"16","F://MMP2012_SONGMETER/POPA-13/20120703-20120708/MMP-POPA13_20120706_190000.wav","MMP-POPA13_20120706_190000.wav",12173,"other"
"16","F://MMP2012_SONGMETER/POPA-13/20120703-20120708/MMP-POPA13_20120706_222258.wav","MMP-POPA13_20120706_222258.wav",2224,"other"
"16","F://MMP2012_SONGMETER/POPA-13/20120703-20120708/MMP-POPA13_20120707_040000.wav","MMP-POPA13_20120707_040000.wav",12173,"other"
"16","F://MMP2012_SONGMETER/POPA-13/20120703-20120708/MMP-POPA13_20120707_072258.wav","MMP-POPA13_20120707_072258.wav",9424,"other"
"16","F://MMP2012_SONGMETER/POPA-13/20120703-20120708/MMP-POPA13_20120707_190000.wav","MMP-POPA13_20120707_190000.wav",12173,"other"
"16","F://MMP2012_SONGMETER/POPA-13/20120703-20120708/MMP-POPA13_20120707_222258.wav","MMP-POPA13_20120707_222258.wav",2224,"other"
"16","F://MMP2012_SONGMETER/POPA-13/20120703-20120708/MMP-POPA13_20120708_040000.wav","MMP-POPA13_20120708_040000.wav",12173,"other"
"16","F://MMP2012_SONGMETER/POPA-13/20120703-20120708/MMP-POPA13_20120708_072258.wav","MMP-POPA13_20120708_072258.wav",0,"other"
"16","F://MMP2012_SONGMETER/POPA-14/20120628-20120703/MMP-POPA14_20120628_055925.wav","MMP-POPA14_20120628_055925.wav",12173,"other"
"16","F://MMP2012_SONGMETER/POPA-14/20120628-20120703/MMP-POPA14_20120628_092224.wav","MMP-POPA14_20120628_092224.wav",2258,"other"
"16","F://MMP2012_SONGMETER/POPA-14/20120628-20120703/MMP-POPA14_20120628_190000.wav","MMP-POPA14_20120628_190000.wav",12173,"other"
"16","F://MMP2012_SONGMETER/POPA-14/20120628-20120703/MMP-POPA14_20120628_222259.wav","MMP-POPA14_20120628_222259.wav",2223,"other"
"16","F://MMP2012_SONGMETER/POPA-14/20120628-20120703/MMP-POPA14_20120629_040000.wav","MMP-POPA14_20120629_040000.wav",12173,"other"
"16","F://MMP2012_SONGMETER/POPA-14/20120628-20120703/MMP-POPA14_20120629_072259.wav","MMP-POPA14_20120629_072259.wav",9423,"other"
"16","F://MMP2012_SONGMETER/POPA-14/20120628-20120703/MMP-POPA14_20120629_190000.wav","MMP-POPA14_20120629_190000.wav",12173,"other"
"16","F://MMP2012_SONGMETER/POPA-14/20120628-20120703/MMP-POPA14_20120629_222259.wav","MMP-POPA14_20120629_222259.wav",2223,"other"
"16","F://MMP2012_SONGMETER/POPA-14/20120628-20120703/MMP-POPA14_20120630_040000.wav","MMP-POPA14_20120630_040000.wav",12173,"other"
"16","F://MMP2012_SONGMETER/POPA-14/20120628-20120703/MMP-POPA14_20120630_072259.wav","MMP-POPA14_20120630_072259.wav",9423,"other"
"16","F://MMP2012_SONGMETER/POPA-14/20120628-20120703/MMP-POPA14_20120630_190000.wav","MMP-POPA14_20120630_190000.wav",12173,"other"
"16","F://MMP2012_SONGMETER/POPA-14/20120628-20120703/MMP-POPA14_20120630_222259.wav","MMP-POPA14_20120630_222259.wav",2223,"other"
"16","F://MMP2012_SONGMETER/POPA-14/20120628-20120703/MMP-POPA14_20120701_040000.wav","MMP-POPA14_20120701_040000.wav",12173,"other"
"16","F://MMP2012_SONGMETER/POPA-14/20120628-20120703/MMP-POPA14_20120701_222259.wav","MMP-POPA14_20120701_222259.wav",2223,"other"
"16","F://MMP2012_SONGMETER/POPA-14/20120703-20120708/MMP-POPA14_20120701_072259.wav","MMP-POPA14_20120701_072259.wav",9424,"other"
"16","F://MMP2012_SONGMETER/POPA-14/20120703-20120708/MMP-POPA14_20120701_190000.wav","MMP-POPA14_20120701_190000.wav",12173,"other"
"16","F://MMP2012_SONGMETER/POPA-14/20120703-20120708/MMP-POPA14_20120702_040000.wav","MMP-POPA14_20120702_040000.wav",12173,"other"
"16","F://MMP2012_SONGMETER/POPA-14/20120703-20120708/MMP-POPA14_20120702_072259.wav","MMP-POPA14_20120702_072259.wav",9423,"other"
"16","F://MMP2012_SONGMETER/POPA-14/20120703-20120708/MMP-POPA14_20120702_190000.wav","MMP-POPA14_20120702_190000.wav",12173,"other"
"16","F://MMP2012_SONGMETER/POPA-14/20120703-20120708/MMP-POPA14_20120702_222259.wav","MMP-POPA14_20120702_222259.wav",2223,"other"
"16","F://MMP2012_SONGMETER/POPA-14/20120703-20120708/MMP-POPA14_20120703_040000.wav","MMP-POPA14_20120703_040000.wav",12173,"other"
"16","F://MMP2012_SONGMETER/POPA-14/20120703-20120708/MMP-POPA14_20120703_072259.wav","MMP-POPA14_20120703_072259.wav",9423,"other"
"16","F://MMP2012_SONGMETER/POPA-14/20120703-20120708/MMP-POPA14_20120703_190000.wav","MMP-POPA14_20120703_190000.wav",12173,"other"
"16","F://MMP2012_SONGMETER/POPA-14/20120703-20120708/MMP-POPA14_20120703_222259.wav","MMP-POPA14_20120703_222259.wav",2223,"other"
"16","F://MMP2012_SONGMETER/POPA-14/20120703-20120708/MMP-POPA14_20120704_040000.wav","MMP-POPA14_20120704_040000.wav",12173,"other"
"16","F://MMP2012_SONGMETER/POPA-14/20120703-20120708/MMP-POPA14_20120704_072259.wav","MMP-POPA14_20120704_072259.wav",9423,"other"
"16","F://MMP2012_SONGMETER/POPA-14/20120703-20120708/MMP-POPA14_20120704_190000.wav","MMP-POPA14_20120704_190000.wav",12173,"other"
"16","F://MMP2012_SONGMETER/POPA-14/20120703-20120708/MMP-POPA14_20120704_222259.wav","MMP-POPA14_20120704_222259.wav",2223,"other"
"16","F://MMP2012_SONGMETER/POPA-14/20120703-20120708/MMP-POPA14_20120705_040523.wav","MMP-POPA14_20120705_040523.wav",12173,"other"
"16","F://MMP2012_SONGMETER/POPA-14/20120703-20120708/MMP-POPA14_20120705_072822.wav","MMP-POPA14_20120705_072822.wav",9100,"other"
"16","F://MMP2012_SONGMETER/POPA-14/20120703-20120708/MMP-POPA14_20120705_190523.wav","MMP-POPA14_20120705_190523.wav",12173,"other"
"16","F://MMP2012_SONGMETER/POPA-14/20120703-20120708/MMP-POPA14_20120705_222822.wav","MMP-POPA14_20120705_222822.wav",1900,"other"
"16","F://MMP2012_SONGMETER/POPA-16/20120621-20120626/MMP-POPA16_20120621_190000.wav","MMP-POPA16_20120621_190000.wav",12173,"other"
"16","F://MMP2012_SONGMETER/POPA-16/20120621-20120626/MMP-POPA16_20120621_222258.wav","MMP-POPA16_20120621_222258.wav",2224,"other"
"16","F://MMP2012_SONGMETER/POPA-16/20120621-20120626/MMP-POPA16_20120622_040000.wav","MMP-POPA16_20120622_040000.wav",12173,"other"
"16","F://MMP2012_SONGMETER/POPA-16/20120621-20120626/MMP-POPA16_20120622_072258.wav","MMP-POPA16_20120622_072258.wav",9424,"other"
"16","F://MMP2012_SONGMETER/POPA-16/20120621-20120626/MMP-POPA16_20120622_190000.wav","MMP-POPA16_20120622_190000.wav",12173,"other"
"16","F://MMP2012_SONGMETER/POPA-16/20120621-20120626/MMP-POPA16_20120622_222258.wav","MMP-POPA16_20120622_222258.wav",2224,"other"
"16","F://MMP2012_SONGMETER/POPA-16/20120621-20120626/MMP-POPA16_20120623_040000.wav","MMP-POPA16_20120623_040000.wav",12173,"other"
"16","F://MMP2012_SONGMETER/POPA-16/20120621-20120626/MMP-POPA16_20120623_072258.wav","MMP-POPA16_20120623_072258.wav",9424,"other"
"16","F://MMP2012_SONGMETER/POPA-16/20120621-20120626/MMP-POPA16_20120623_190000.wav","MMP-POPA16_20120623_190000.wav",12173,"other"
"16","F://MMP2012_SONGMETER/POPA-16/20120621-20120626/MMP-POPA16_20120623_222258.wav","MMP-POPA16_20120623_222258.wav",2224,"other"
"16","F://MMP2012_SONGMETER/POPA-16/20120621-20120626/MMP-POPA16_20120624_040000.wav","MMP-POPA16_20120624_040000.wav",12173,"other"
"16","F://MMP2012_SONGMETER/POPA-16/20120621-20120626/MMP-POPA16_20120624_072258.wav","MMP-POPA16_20120624_072258.wav",9424,"other"
"16","F://MMP2012_SONGMETER/POPA-16/20120621-20120626/MMP-POPA16_20120624_190000.wav","MMP-POPA16_20120624_190000.wav",12173,"other"
"16","F://MMP2012_SONGMETER/POPA-16/20120621-20120626/MMP-POPA16_20120624_222258.wav","MMP-POPA16_20120624_222258.wav",2224,"other"
"16","F://MMP2012_SONGMETER/POPA-16/20120621-20120626/MMP-POPA16_20120625_040000.wav","MMP-POPA16_20120625_040000.wav",12173,"other"
"16","F://MMP2012_SONGMETER/POPA-16/20120621-20120626/MMP-POPA16_20120625_072258.wav","MMP-POPA16_20120625_072258.wav",9424,"other"
"16","F://MMP2012_SONGMETER/POPA-16/20120621-20120626/MMP-POPA16_20120625_222258.wav","MMP-POPA16_20120625_222258.wav",2224,"other"
"16","F://MMP2012_SONGMETER/POPA-16/20120621-20120626/MMP-POPA16_20120626_222259.wav","MMP-POPA16_20120626_222259.wav",2223,"other"
"16","F://MMP2012_SONGMETER/POPA-16/20120625-20120701/MMP-POPA16_20120625_190000.wav","MMP-POPA16_20120625_190000.wav",12173,"other"
"16","F://MMP2012_SONGMETER/POPA-16/20120625-20120701/MMP-POPA16_20120626_040000.wav","MMP-POPA16_20120626_040000.wav",12173,"other"
"16","F://MMP2012_SONGMETER/POPA-16/20120625-20120701/MMP-POPA16_20120626_072259.wav","MMP-POPA16_20120626_072259.wav",9424,"other"
"16","F://MMP2012_SONGMETER/POPA-16/20120625-20120701/MMP-POPA16_20120626_190000.wav","MMP-POPA16_20120626_190000.wav",12173,"other"
"16","F://MMP2012_SONGMETER/POPA-16/20120625-20120701/MMP-POPA16_20120627_040000.wav","MMP-POPA16_20120627_040000.wav",12173,"other"
"16","F://MMP2012_SONGMETER/POPA-16/20120625-20120701/MMP-POPA16_20120627_072259.wav","MMP-POPA16_20120627_072259.wav",9423,"other"
"16","F://MMP2012_SONGMETER/POPA-16/20120625-20120701/MMP-POPA16_20120627_190000.wav","MMP-POPA16_20120627_190000.wav",12173,"other"
"16","F://MMP2012_SONGMETER/POPA-16/20120625-20120701/MMP-POPA16_20120627_222259.wav","MMP-POPA16_20120627_222259.wav",2223,"other"
"16","F://MMP2012_SONGMETER/POPA-16/20120625-20120701/MMP-POPA16_20120628_040000.wav","MMP-POPA16_20120628_040000.wav",12173,"other"
"16","F://MMP2012_SONGMETER/POPA-16/20120625-20120701/MMP-POPA16_20120628_072259.wav","MMP-POPA16_20120628_072259.wav",9423,"other"
"16","F://MMP2012_SONGMETER/POPA-16/20120625-20120701/MMP-POPA16_20120628_190000.wav","MMP-POPA16_20120628_190000.wav",12173,"other"
"16","F://MMP2012_SONGMETER/POPA-16/20120625-20120701/MMP-POPA16_20120628_222259.wav","MMP-POPA16_20120628_222259.wav",2223,"other"
"16","F://MMP2012_SONGMETER/POPA-16/20120625-20120701/MMP-POPA16_20120629_040000.wav","MMP-POPA16_20120629_040000.wav",12173,"other"
"16","F://MMP2012_SONGMETER/POPA-16/20120625-20120701/MMP-POPA16_20120629_072259.wav","MMP-POPA16_20120629_072259.wav",9423,"other"
"16","F://MMP2012_SONGMETER/POPA-16/20120625-20120701/MMP-POPA16_20120629_190000.wav","MMP-POPA16_20120629_190000.wav",12173,"other"
"16","F://MMP2012_SONGMETER/POPA-16/20120625-20120701/MMP-POPA16_20120629_222259.wav","MMP-POPA16_20120629_222259.wav",2223,"other"
"16","F://MMP2012_SONGMETER/POPA-16/20120625-20120701/MMP-POPA16_20120630_040000.wav","MMP-POPA16_20120630_040000.wav",12173,"other"
"16","F://MMP2012_SONGMETER/POPA-16/20120625-20120701/MMP-POPA16_20120630_072259.wav","MMP-POPA16_20120630_072259.wav",9423,"other"
"16","F://MMP2012_SONGMETER/POPA-16/20120625-20120701/MMP-POPA16_20120630_222259.wav","MMP-POPA16_20120630_222259.wav",2223,"other"
"16","F://MMP2012_SONGMETER/POPA-16/20120625-20120701/MMP-POPA16_20120701_222258.wav","MMP-POPA16_20120701_222258.wav",2224,"other"
"16","F://MMP2012_SONGMETER/POPA-16/20120630-20120702/MMP-POPA16_20120630_190000.wav","MMP-POPA16_20120630_190000.wav",12173,"other"
"16","F://MMP2012_SONGMETER/POPA-16/20120630-20120702/MMP-POPA16_20120701_040000.wav","MMP-POPA16_20120701_040000.wav",12173,"other"
"16","F://MMP2012_SONGMETER/POPA-16/20120630-20120702/MMP-POPA16_20120701_072259.wav","MMP-POPA16_20120701_072259.wav",9423,"other"
"16","F://MMP2012_SONGMETER/POPA-16/20120630-20120702/MMP-POPA16_20120701_190000.wav","MMP-POPA16_20120701_190000.wav",12173,"other"
"16","F://MMP2012_SONGMETER/POPA-16/20120630-20120702/MMP-POPA16_20120702_040000.wav","MMP-POPA16_20120702_040000.wav",12173,"other"
"16","F://MMP2012_SONGMETER/POPA-16/20120630-20120702/MMP-POPA16_20120702_072258.wav","MMP-POPA16_20120702_072258.wav",9424,"other"
"16","F://MMP2012_SONGMETER/POPA-18/20120617-20120620/MMP-POPA18_20120614_200823.wav","MMP-POPA18_20120614_200823.wav",0,"other"
"16","F://MMP2012_SONGMETER/POPA-18/20120617-20120620/MMP-POPA18_20120617_180000.wav","MMP-POPA18_20120617_180000.wav",12173,"other"
"16","F://MMP2012_SONGMETER/POPA-18/20120617-20120620/MMP-POPA18_20120617_212258.wav","MMP-POPA18_20120617_212258.wav",2224,"other"
"16","F://MMP2012_SONGMETER/POPA-18/20120617-20120620/MMP-POPA18_20120618_040000.wav","MMP-POPA18_20120618_040000.wav",12173,"other"
"16","F://MMP2012_SONGMETER/POPA-18/20120617-20120620/MMP-POPA18_20120618_072258.wav","MMP-POPA18_20120618_072258.wav",9424,"other"
"16","F://MMP2012_SONGMETER/POPA-18/20120617-20120620/MMP-POPA18_20120618_180000.wav","MMP-POPA18_20120618_180000.wav",12173,"other"
"16","F://MMP2012_SONGMETER/POPA-18/20120617-20120620/MMP-POPA18_20120618_212258.wav","MMP-POPA18_20120618_212258.wav",2224,"other"
"16","F://MMP2012_SONGMETER/POPA-18/20120617-20120620/MMP-POPA18_20120619_040000.wav","MMP-POPA18_20120619_040000.wav",12173,"other"
"16","F://MMP2012_SONGMETER/POPA-18/20120617-20120620/MMP-POPA18_20120619_072258.wav","MMP-POPA18_20120619_072258.wav",9424,"other"
"16","F://MMP2012_SONGMETER/POPA-18/20120617-20120620/MMP-POPA18_20120619_180000.wav","MMP-POPA18_20120619_180000.wav",12173,"other"
"16","F://MMP2012_SONGMETER/POPA-18/20120617-20120620/MMP-POPA18_20120619_212259.wav","MMP-POPA18_20120619_212259.wav",2223,"other"
"16","F://MMP2012_SONGMETER/POPA-18/20120617-20120620/MMP-POPA18_20120620_040000.wav","MMP-POPA18_20120620_040000.wav",12173,"other"
"16","F://MMP2012_SONGMETER/POPA-18/20120617-20120620/MMP-POPA18_20120620_072259.wav","MMP-POPA18_20120620_072259.wav",9423,"other"
"16","F://MMP2012_SONGMETER/POPA-18/20120617-20120620/MMP-POPA18_20120620_180000.wav","MMP-POPA18_20120620_180000.wav",12173,"other"
"16","F://MMP2012_SONGMETER/POPA-18/20120620-20120625/MMP-POPA18_20120620_212259.wav","MMP-POPA18_20120620_212259.wav",2224,"other"
"16","F://MMP2012_SONGMETER/POPA-18/20120620-20120625/MMP-POPA18_20120621_040000.wav","MMP-POPA18_20120621_040000.wav",12173,"other"
"16","F://MMP2012_SONGMETER/POPA-18/20120620-20120625/MMP-POPA18_20120621_072259.wav","MMP-POPA18_20120621_072259.wav",9423,"other"
"16","F://MMP2012_SONGMETER/POPA-18/20120620-20120625/MMP-POPA18_20120621_180000.wav","MMP-POPA18_20120621_180000.wav",12173,"other"
"16","F://MMP2012_SONGMETER/POPA-18/20120620-20120625/MMP-POPA18_20120621_212259.wav","MMP-POPA18_20120621_212259.wav",2223,"other"
"16","F://MMP2012_SONGMETER/POPA-18/20120620-20120625/MMP-POPA18_20120622_040000.wav","MMP-POPA18_20120622_040000.wav",12173,"other"
"16","F://MMP2012_SONGMETER/POPA-18/20120620-20120625/MMP-POPA18_20120622_072259.wav","MMP-POPA18_20120622_072259.wav",9423,"other"
"16","F://MMP2012_SONGMETER/POPA-18/20120620-20120625/MMP-POPA18_20120622_180000.wav","MMP-POPA18_20120622_180000.wav",12173,"other"
"16","F://MMP2012_SONGMETER/POPA-18/20120620-20120625/MMP-POPA18_20120622_212259.wav","MMP-POPA18_20120622_212259.wav",2223,"other"
"16","F://MMP2012_SONGMETER/POPA-18/20120620-20120625/MMP-POPA18_20120623_040000.wav","MMP-POPA18_20120623_040000.wav",12173,"other"
"16","F://MMP2012_SONGMETER/POPA-18/20120620-20120625/MMP-POPA18_20120623_072259.wav","MMP-POPA18_20120623_072259.wav",9423,"other"
"16","F://MMP2012_SONGMETER/POPA-18/20120620-20120625/MMP-POPA18_20120623_180000.wav","MMP-POPA18_20120623_180000.wav",12173,"other"
"16","F://MMP2012_SONGMETER/POPA-18/20120620-20120625/MMP-POPA18_20120623_212259.wav","MMP-POPA18_20120623_212259.wav",2223,"other"
"16","F://MMP2012_SONGMETER/POPA-18/20120620-20120625/MMP-POPA18_20120624_040000.wav","MMP-POPA18_20120624_040000.wav",12173,"other"
"16","F://MMP2012_SONGMETER/POPA-18/20120620-20120625/MMP-POPA18_20120624_072259.wav","MMP-POPA18_20120624_072259.wav",9423,"other"
"16","F://MMP2012_SONGMETER/POPA-18/20120620-20120625/MMP-POPA18_20120624_180000.wav","MMP-POPA18_20120624_180000.wav",12173,"other"
"16","F://MMP2012_SONGMETER/POPA-18/20120620-20120625/MMP-POPA18_20120624_212259.wav","MMP-POPA18_20120624_212259.wav",2223,"other"
"16","F://MMP2012_SONGMETER/POPA-18/20120620-20120625/MMP-POPA18_20120625_040000.wav","MMP-POPA18_20120625_040000.wav",12173,"other"
"16","F://MMP2012_SONGMETER/POPA-18/20120620-20120625/MMP-POPA18_20120625_072259.wav","MMP-POPA18_20120625_072259.wav",9423,"other"
"16","F://MMP2012_SONGMETER/POPA-18/20120620-20120625/MMP-POPA18_20120625_180000.wav","MMP-POPA18_20120625_180000.wav",12173,"other"
"16","F://MMP2012_SONGMETER/POPA-18/20120620-20120625/MMP-POPA18_20120625_212259.wav","MMP-POPA18_20120625_212259.wav",2223,"other"
"16","F://MMP2012_SONGMETER/POPA-18/20120626-20120630/MMP-POPA18_20120626_040000.wav","MMP-POPA18_20120626_040000.wav",12173,"other"
"16","F://MMP2012_SONGMETER/POPA-18/20120626-20120630/MMP-POPA18_20120626_072257.wav","MMP-POPA18_20120626_072257.wav",9425,"other"
"16","F://MMP2012_SONGMETER/POPA-18/20120626-20120630/MMP-POPA18_20120626_180000.wav","MMP-POPA18_20120626_180000.wav",12173,"other"
"16","F://MMP2012_SONGMETER/POPA-18/20120626-20120630/MMP-POPA18_20120626_212258.wav","MMP-POPA18_20120626_212258.wav",2224,"other"
"16","F://MMP2012_SONGMETER/POPA-18/20120626-20120630/MMP-POPA18_20120627_040000.wav","MMP-POPA18_20120627_040000.wav",12173,"other"
"16","F://MMP2012_SONGMETER/POPA-18/20120626-20120630/MMP-POPA18_20120627_072258.wav","MMP-POPA18_20120627_072258.wav",9424,"other"
"16","F://MMP2012_SONGMETER/POPA-18/20120626-20120630/MMP-POPA18_20120627_180000.wav","MMP-POPA18_20120627_180000.wav",12173,"other"
"16","F://MMP2012_SONGMETER/POPA-18/20120626-20120630/MMP-POPA18_20120627_212258.wav","MMP-POPA18_20120627_212258.wav",2224,"other"
"16","F://MMP2012_SONGMETER/POPA-18/20120626-20120630/MMP-POPA18_20120628_040000.wav","MMP-POPA18_20120628_040000.wav",12173,"other"
"16","F://MMP2012_SONGMETER/POPA-18/20120626-20120630/MMP-POPA18_20120628_072258.wav","MMP-POPA18_20120628_072258.wav",9424,"other"
"16","F://MMP2012_SONGMETER/POPA-18/20120626-20120630/MMP-POPA18_20120628_180000.wav","MMP-POPA18_20120628_180000.wav",12173,"other"
"16","F://MMP2012_SONGMETER/POPA-18/20120626-20120630/MMP-POPA18_20120628_212258.wav","MMP-POPA18_20120628_212258.wav",2224,"other"
"16","F://MMP2012_SONGMETER/POPA-18/20120626-20120630/MMP-POPA18_20120629_040000.wav","MMP-POPA18_20120629_040000.wav",12173,"other"
"16","F://MMP2012_SONGMETER/POPA-18/20120626-20120630/MMP-POPA18_20120629_072258.wav","MMP-POPA18_20120629_072258.wav",9424,"other"
"16","F://MMP2012_SONGMETER/POPA-18/20120626-20120630/MMP-POPA18_20120629_180000.wav","MMP-POPA18_20120629_180000.wav",12173,"other"
"16","F://MMP2012_SONGMETER/POPA-18/20120626-20120630/MMP-POPA18_20120629_212258.wav","MMP-POPA18_20120629_212258.wav",2224,"other"
"16","F://MMP2012_SONGMETER/POPA-18/20120626-20120630/MMP-POPA18_20120630_040000.wav","MMP-POPA18_20120630_040000.wav",12173,"other"
"16","F://MMP2012_SONGMETER/POPA-18/20120626-20120630/MMP-POPA18_20120630_072258.wav","MMP-POPA18_20120630_072258.wav",9424,"other"
"16","F://MMP2012_SONGMETER/POPA-18/20120626-20120630/MMP-POPA18_20120630_180000.wav","MMP-POPA18_20120630_180000.wav",12173,"other"
"16","F://MMP2012_SONGMETER/POPA-18/20120626-20120630/MMP-POPA18_20120630_212258.wav","MMP-POPA18_20120630_212258.wav",2224,"other"
"16","F://MMP2012_SONGMETER/POPA-19/20120617-20120622/MMP-POPA19_20120617_092254.wav","MMP-POPA19_20120617_092254.wav",0,"other"
"16","F://MMP2012_SONGMETER/POPA-19/20120617-20120622/MMP-POPA19_20120617_093143.wav","MMP-POPA19_20120617_093143.wav",1699,"other"
"16","F://MMP2012_SONGMETER/POPA-19/20120617-20120622/MMP-POPA19_20120617_180000.wav","MMP-POPA19_20120617_180000.wav",12173,"other"
"16","F://MMP2012_SONGMETER/POPA-19/20120617-20120622/MMP-POPA19_20120617_212259.wav","MMP-POPA19_20120617_212259.wav",2223,"other"
"16","F://MMP2012_SONGMETER/POPA-19/20120617-20120622/MMP-POPA19_20120618_040000.wav","MMP-POPA19_20120618_040000.wav",12173,"other"
"16","F://MMP2012_SONGMETER/POPA-19/20120617-20120622/MMP-POPA19_20120618_072259.wav","MMP-POPA19_20120618_072259.wav",9423,"other"
"16","F://MMP2012_SONGMETER/POPA-19/20120617-20120622/MMP-POPA19_20120618_180000.wav","MMP-POPA19_20120618_180000.wav",12173,"other"
"16","F://MMP2012_SONGMETER/POPA-19/20120617-20120622/MMP-POPA19_20120618_212259.wav","MMP-POPA19_20120618_212259.wav",2223,"other"
"16","F://MMP2012_SONGMETER/POPA-19/20120617-20120622/MMP-POPA19_20120619_040000.wav","MMP-POPA19_20120619_040000.wav",12173,"other"
"16","F://MMP2012_SONGMETER/POPA-19/20120617-20120622/MMP-POPA19_20120619_072259.wav","MMP-POPA19_20120619_072259.wav",9423,"other"
"16","F://MMP2012_SONGMETER/POPA-19/20120617-20120622/MMP-POPA19_20120619_180000.wav","MMP-POPA19_20120619_180000.wav",12173,"other"
"16","F://MMP2012_SONGMETER/POPA-19/20120617-20120622/MMP-POPA19_20120619_212259.wav","MMP-POPA19_20120619_212259.wav",2223,"other"
"16","F://MMP2012_SONGMETER/POPA-19/20120617-20120622/MMP-POPA19_20120620_040000.wav","MMP-POPA19_20120620_040000.wav",12173,"other"
"16","F://MMP2012_SONGMETER/POPA-19/20120617-20120622/MMP-POPA19_20120620_072259.wav","MMP-POPA19_20120620_072259.wav",9423,"other"
"16","F://MMP2012_SONGMETER/POPA-19/20120617-20120622/MMP-POPA19_20120620_180000.wav","MMP-POPA19_20120620_180000.wav",12173,"other"
"16","F://MMP2012_SONGMETER/POPA-19/20120617-20120622/MMP-POPA19_20120620_212259.wav","MMP-POPA19_20120620_212259.wav",2223,"other"
"16","F://MMP2012_SONGMETER/POPA-19/20120617-20120622/MMP-POPA19_20120621_040000.wav","MMP-POPA19_20120621_040000.wav",12173,"other"
"16","F://MMP2012_SONGMETER/POPA-19/20120617-20120622/MMP-POPA19_20120621_072259.wav","MMP-POPA19_20120621_072259.wav",9423,"other"
"16","F://MMP2012_SONGMETER/POPA-19/20120617-20120622/MMP-POPA19_20120621_180000.wav","MMP-POPA19_20120621_180000.wav",12173,"other"
"16","F://MMP2012_SONGMETER/POPA-19/20120617-20120622/MMP-POPA19_20120621_212259.wav","MMP-POPA19_20120621_212259.wav",2223,"other"
"16","F://MMP2012_SONGMETER/POPA-19/20120617-20120622/MMP-POPA19_20120622_040000.wav","MMP-POPA19_20120622_040000.wav",12173,"other"
"16","F://MMP2012_SONGMETER/POPA-19/20120617-20120622/MMP-POPA19_20120622_072259.wav","MMP-POPA19_20120622_072259.wav",9423,"other"
"16","F://MMP2012_SONGMETER/POPA-19/20120622-20120629/MMP-POPA19_20120622_180000.wav","MMP-POPA19_20120622_180000.wav",12173,"other"
"16","F://MMP2012_SONGMETER/POPA-19/20120622-20120629/MMP-POPA19_20120622_212258.wav","MMP-POPA19_20120622_212258.wav",2224,"other"
"16","F://MMP2012_SONGMETER/POPA-19/20120622-20120629/MMP-POPA19_20120623_040000.wav","MMP-POPA19_20120623_040000.wav",12173,"other"
"16","F://MMP2012_SONGMETER/POPA-19/20120622-20120629/MMP-POPA19_20120623_072259.wav","MMP-POPA19_20120623_072259.wav",9424,"other"
"16","F://MMP2012_SONGMETER/POPA-19/20120622-20120629/MMP-POPA19_20120623_180000.wav","MMP-POPA19_20120623_180000.wav",12173,"other"
"16","F://MMP2012_SONGMETER/POPA-19/20120622-20120629/MMP-POPA19_20120623_212258.wav","MMP-POPA19_20120623_212258.wav",2224,"other"
"16","F://MMP2012_SONGMETER/POPA-19/20120622-20120629/MMP-POPA19_20120624_040000.wav","MMP-POPA19_20120624_040000.wav",12173,"other"
"16","F://MMP2012_SONGMETER/POPA-19/20120622-20120629/MMP-POPA19_20120624_072258.wav","MMP-POPA19_20120624_072258.wav",9424,"other"
"16","F://MMP2012_SONGMETER/POPA-19/20120622-20120629/MMP-POPA19_20120624_180000.wav","MMP-POPA19_20120624_180000.wav",12173,"other"
"16","F://MMP2012_SONGMETER/POPA-19/20120622-20120629/MMP-POPA19_20120624_212258.wav","MMP-POPA19_20120624_212258.wav",2224,"other"
"16","F://MMP2012_SONGMETER/POPA-19/20120622-20120629/MMP-POPA19_20120625_040000.wav","MMP-POPA19_20120625_040000.wav",12173,"other"
"16","F://MMP2012_SONGMETER/POPA-19/20120622-20120629/MMP-POPA19_20120625_072258.wav","MMP-POPA19_20120625_072258.wav",9424,"other"
"16","F://MMP2012_SONGMETER/POPA-19/20120622-20120629/MMP-POPA19_20120625_180000.wav","MMP-POPA19_20120625_180000.wav",12173,"other"
"16","F://MMP2012_SONGMETER/POPA-19/20120622-20120629/MMP-POPA19_20120625_212258.wav","MMP-POPA19_20120625_212258.wav",2224,"other"
"16","F://MMP2012_SONGMETER/POPA-19/20120622-20120629/MMP-POPA19_20120626_040000.wav","MMP-POPA19_20120626_040000.wav",12173,"other"
"16","F://MMP2012_SONGMETER/POPA-19/20120622-20120629/MMP-POPA19_20120626_072258.wav","MMP-POPA19_20120626_072258.wav",9424,"other"
"16","F://MMP2012_SONGMETER/POPA-19/20120622-20120629/MMP-POPA19_20120626_180000.wav","MMP-POPA19_20120626_180000.wav",12173,"other"
"16","F://MMP2012_SONGMETER/POPA-19/20120622-20120629/MMP-POPA19_20120626_212258.wav","MMP-POPA19_20120626_212258.wav",2224,"other"
"16","F://MMP2012_SONGMETER/POPA-19/20120622-20120629/MMP-POPA19_20120627_040000.wav","MMP-POPA19_20120627_040000.wav",12173,"other"
"16","F://MMP2012_SONGMETER/POPA-19/20120622-20120629/MMP-POPA19_20120627_072258.wav","MMP-POPA19_20120627_072258.wav",9424,"other"
"16","F://MMP2012_SONGMETER/POPA-19/20120622-20120629/MMP-POPA19_20120627_212258.wav","MMP-POPA19_20120627_212258.wav",2225,"other"
"16","F://MMP2012_SONGMETER/POPA-19/20120622-20120629/MMP-POPA19_20120628_212258.wav","MMP-POPA19_20120628_212258.wav",2224,"other"
"16","F://MMP2012_SONGMETER/POPA-19/20120622-20120629/MMP-POPA19_20120629_212258.wav","MMP-POPA19_20120629_212258.wav",2224,"other"
"16","F://MMP2012_SONGMETER/POPA-19/20120627-20120701/MMP-POPA19_20120627_180000.wav","MMP-POPA19_20120627_180000.wav",12173,"other"
"16","F://MMP2012_SONGMETER/POPA-19/20120627-20120701/MMP-POPA19_20120628_040000.wav","MMP-POPA19_20120628_040000.wav",12173,"other"
"16","F://MMP2012_SONGMETER/POPA-19/20120627-20120701/MMP-POPA19_20120628_072258.wav","MMP-POPA19_20120628_072258.wav",9424,"other"
"16","F://MMP2012_SONGMETER/POPA-19/20120627-20120701/MMP-POPA19_20120628_180000.wav","MMP-POPA19_20120628_180000.wav",12173,"other"
"16","F://MMP2012_SONGMETER/POPA-19/20120627-20120701/MMP-POPA19_20120629_040000.wav","MMP-POPA19_20120629_040000.wav",12173,"other"
"16","F://MMP2012_SONGMETER/POPA-19/20120627-20120701/MMP-POPA19_20120629_072258.wav","MMP-POPA19_20120629_072258.wav",9424,"other"
"16","F://MMP2012_SONGMETER/POPA-19/20120627-20120701/MMP-POPA19_20120629_180000.wav","MMP-POPA19_20120629_180000.wav",12173,"other"
"16","F://MMP2012_SONGMETER/POPA-19/20120627-20120701/MMP-POPA19_20120630_040528.wav","MMP-POPA19_20120630_040528.wav",12173,"other"
"16","F://MMP2012_SONGMETER/POPA-19/20120627-20120701/MMP-POPA19_20120630_072826.wav","MMP-POPA19_20120630_072826.wav",9096,"other"
"16","F://MMP2012_SONGMETER/POPA-19/20120627-20120701/MMP-POPA19_20120630_180529.wav","MMP-POPA19_20120630_180529.wav",12173,"other"
"16","F://MMP2012_SONGMETER/POPA-19/20120627-20120701/MMP-POPA19_20120630_212827.wav","MMP-POPA19_20120630_212827.wav",1895,"other"
"16","F://MMP2012_SONGMETER/POPA-19/20120627-20120701/MMP-POPA19_20120701_040529.wav","MMP-POPA19_20120701_040529.wav",12173,"other"
"16","F://MMP2012_SONGMETER/POPA-19/20120627-20120701/MMP-POPA19_20120701_072827.wav","MMP-POPA19_20120701_072827.wav",9095,"other"
"16","F://MMP2012_SONGMETER/POPA-19/20120627-20120701/MMP-POPA19_20120701_180529.wav","MMP-POPA19_20120701_180529.wav",12173,"other"
"16","F://MMP2012_SONGMETER/POPA-19/20120627-20120701/MMP-POPA19_20120701_212827.wav","MMP-POPA19_20120701_212827.wav",1895,"other"
"16","F://MMP2012_SONGMETER/POPA-20/20120617-20120620/MMP-POPA20_20120617_095049.wav","MMP-POPA20_20120617_095049.wav",3.01,"other"
"16","F://MMP2012_SONGMETER/POPA-20/20120617-20120620/MMP-POPA20_20120617_095107.wav","MMP-POPA20_20120617_095107.wav",2.04,"other"
"16","F://MMP2012_SONGMETER/POPA-20/20120617-20120620/MMP-POPA20_20120617_095127.wav","MMP-POPA20_20120617_095127.wav",527,"other"
"16","F://MMP2012_SONGMETER/POPA-20/20120617-20120620/MMP-POPA20_20120617_180000.wav","MMP-POPA20_20120617_180000.wav",12173,"other"
"16","F://MMP2012_SONGMETER/POPA-20/20120617-20120620/MMP-POPA20_20120617_212258.wav","MMP-POPA20_20120617_212258.wav",2224,"other"
"16","F://MMP2012_SONGMETER/POPA-20/20120617-20120620/MMP-POPA20_20120618_040000.wav","MMP-POPA20_20120618_040000.wav",12173,"other"
"16","F://MMP2012_SONGMETER/POPA-20/20120617-20120620/MMP-POPA20_20120618_072258.wav","MMP-POPA20_20120618_072258.wav",9424,"other"
"16","F://MMP2012_SONGMETER/POPA-20/20120617-20120620/MMP-POPA20_20120618_180000.wav","MMP-POPA20_20120618_180000.wav",12173,"other"
"16","F://MMP2012_SONGMETER/POPA-20/20120617-20120620/MMP-POPA20_20120618_212258.wav","MMP-POPA20_20120618_212258.wav",2224,"other"
"16","F://MMP2012_SONGMETER/POPA-20/20120617-20120620/MMP-POPA20_20120619_040000.wav","MMP-POPA20_20120619_040000.wav",12173,"other"
"16","F://MMP2012_SONGMETER/POPA-20/20120617-20120620/MMP-POPA20_20120619_072258.wav","MMP-POPA20_20120619_072258.wav",9424,"other"
"16","F://MMP2012_SONGMETER/POPA-20/20120617-20120620/MMP-POPA20_20120619_180000.wav","MMP-POPA20_20120619_180000.wav",12173,"other"
"16","F://MMP2012_SONGMETER/POPA-20/20120617-20120620/MMP-POPA20_20120619_212258.wav","MMP-POPA20_20120619_212258.wav",2224,"other"
"16","F://MMP2012_SONGMETER/POPA-20/20120617-20120620/MMP-POPA20_20120620_212259.wav","MMP-POPA20_20120620_212259.wav",2223,"other"
"16","F://MMP2012_SONGMETER/POPA-20/20120617-20120620/MMP-POPA20_20120621_212259.wav","MMP-POPA20_20120621_212259.wav",2223,"other"
"16","F://MMP2012_SONGMETER/POPA-20/20120620-20120627/MMP-POPA20_20120620_040000.wav","MMP-POPA20_20120620_040000.wav",12173,"other"
"16","F://MMP2012_SONGMETER/POPA-20/20120620-20120627/MMP-POPA20_20120620_072258.wav","MMP-POPA20_20120620_072258.wav",9424,"other"
"16","F://MMP2012_SONGMETER/POPA-20/20120620-20120627/MMP-POPA20_20120620_180000.wav","MMP-POPA20_20120620_180000.wav",12173,"other"
"16","F://MMP2012_SONGMETER/POPA-20/20120620-20120627/MMP-POPA20_20120621_040000.wav","MMP-POPA20_20120621_040000.wav",12173,"other"
"16","F://MMP2012_SONGMETER/POPA-20/20120620-20120627/MMP-POPA20_20120621_072259.wav","MMP-POPA20_20120621_072259.wav",9423,"other"
"16","F://MMP2012_SONGMETER/POPA-20/20120620-20120627/MMP-POPA20_20120621_180000.wav","MMP-POPA20_20120621_180000.wav",12173,"other"
"16","F://MMP2012_SONGMETER/POPA-20/20120620-20120627/MMP-POPA20_20120622_040000.wav","MMP-POPA20_20120622_040000.wav",12173,"other"
"16","F://MMP2012_SONGMETER/POPA-20/20120620-20120627/MMP-POPA20_20120622_072259.wav","MMP-POPA20_20120622_072259.wav",9423,"other"
"16","F://MMP2012_SONGMETER/POPA-20/20120620-20120627/MMP-POPA20_20120622_180000.wav","MMP-POPA20_20120622_180000.wav",12173,"other"
"16","F://MMP2012_SONGMETER/POPA-20/20120620-20120627/MMP-POPA20_20120622_212259.wav","MMP-POPA20_20120622_212259.wav",2223,"other"
"16","F://MMP2012_SONGMETER/POPA-20/20120620-20120627/MMP-POPA20_20120623_040000.wav","MMP-POPA20_20120623_040000.wav",12173,"other"
"16","F://MMP2012_SONGMETER/POPA-20/20120620-20120627/MMP-POPA20_20120623_072259.wav","MMP-POPA20_20120623_072259.wav",9423,"other"
"16","F://MMP2012_SONGMETER/POPA-20/20120620-20120627/MMP-POPA20_20120623_180000.wav","MMP-POPA20_20120623_180000.wav",12173,"other"
"16","F://MMP2012_SONGMETER/POPA-20/20120620-20120627/MMP-POPA20_20120623_212259.wav","MMP-POPA20_20120623_212259.wav",2223,"other"
"16","F://MMP2012_SONGMETER/POPA-20/20120620-20120627/MMP-POPA20_20120624_040000.wav","MMP-POPA20_20120624_040000.wav",12173,"other"
"16","F://MMP2012_SONGMETER/POPA-20/20120620-20120627/MMP-POPA20_20120624_072259.wav","MMP-POPA20_20120624_072259.wav",9423,"other"
"16","F://MMP2012_SONGMETER/POPA-20/20120620-20120627/MMP-POPA20_20120624_180000.wav","MMP-POPA20_20120624_180000.wav",12173,"other"
"16","F://MMP2012_SONGMETER/POPA-20/20120620-20120627/MMP-POPA20_20120624_212259.wav","MMP-POPA20_20120624_212259.wav",2223,"other"
"16","F://MMP2012_SONGMETER/POPA-20/20120620-20120627/MMP-POPA20_20120625_212300.wav","MMP-POPA20_20120625_212300.wav",2222,"other"
"16","F://MMP2012_SONGMETER/POPA-20/20120620-20120627/MMP-POPA20_20120626_212258.wav","MMP-POPA20_20120626_212258.wav",2224,"other"
"16","F://MMP2012_SONGMETER/POPA-20/20120620-20120627/MMP-POPA20_20120627_212258.wav","MMP-POPA20_20120627_212258.wav",2224,"other"
"16","F://MMP2012_SONGMETER/POPA-20/20120625-20120629/MMP-POPA20_20120625_040000.wav","MMP-POPA20_20120625_040000.wav",12173,"other"
"16","F://MMP2012_SONGMETER/POPA-20/20120625-20120629/MMP-POPA20_20120625_072259.wav","MMP-POPA20_20120625_072259.wav",9423,"other"
"16","F://MMP2012_SONGMETER/POPA-20/20120625-20120629/MMP-POPA20_20120625_180000.wav","MMP-POPA20_20120625_180000.wav",12173,"other"
"16","F://MMP2012_SONGMETER/POPA-20/20120625-20120629/MMP-POPA20_20120626_040000.wav","MMP-POPA20_20120626_040000.wav",12173,"other"
"16","F://MMP2012_SONGMETER/POPA-20/20120625-20120629/MMP-POPA20_20120626_072258.wav","MMP-POPA20_20120626_072258.wav",9424,"other"
"16","F://MMP2012_SONGMETER/POPA-20/20120625-20120629/MMP-POPA20_20120626_180000.wav","MMP-POPA20_20120626_180000.wav",12173,"other"
"16","F://MMP2012_SONGMETER/POPA-20/20120625-20120629/MMP-POPA20_20120627_040000.wav","MMP-POPA20_20120627_040000.wav",12173,"other"
"16","F://MMP2012_SONGMETER/POPA-20/20120625-20120629/MMP-POPA20_20120627_072258.wav","MMP-POPA20_20120627_072258.wav",9424,"other"
"16","F://MMP2012_SONGMETER/POPA-20/20120625-20120629/MMP-POPA20_20120627_180000.wav","MMP-POPA20_20120627_180000.wav",12173,"other"
"16","F://MMP2012_SONGMETER/POPA-20/20120625-20120629/MMP-POPA20_20120628_040000.wav","MMP-POPA20_20120628_040000.wav",12173,"other"
"16","F://MMP2012_SONGMETER/POPA-20/20120625-20120629/MMP-POPA20_20120628_072258.wav","MMP-POPA20_20120628_072258.wav",9424,"other"
"16","F://MMP2012_SONGMETER/POPA-20/20120625-20120629/MMP-POPA20_20120628_180000.wav","MMP-POPA20_20120628_180000.wav",12173,"other"
"16","F://MMP2012_SONGMETER/POPA-20/20120625-20120629/MMP-POPA20_20120628_212258.wav","MMP-POPA20_20120628_212258.wav",2224,"other"
"16","F://MMP2012_SONGMETER/POPA-20/20120625-20120629/MMP-POPA20_20120629_040000.wav","MMP-POPA20_20120629_040000.wav",12173,"other"
"16","F://MMP2012_SONGMETER/POPA-20/20120625-20120629/MMP-POPA20_20120629_072258.wav","MMP-POPA20_20120629_072258.wav",9424,"other"
"16","F://MMP2012_SONGMETER/POPA-20/20120625-20120629/MMP-POPA20_20120629_180000.wav","MMP-POPA20_20120629_180000.wav",12173,"other"
"16","F://MMP2012_SONGMETER/POPA-20/20120625-20120629/MMP-POPA20_20120629_212258.wav","MMP-POPA20_20120629_212258.wav",2224,"other"
"16","F://MMP2012_SONGMETER/POPA-21/20120622-20120627/MMP-POPA21_20120622_215259.wav","MMP-POPA21_20120622_215259.wav",2224,"other"
"16","F://MMP2012_SONGMETER/POPA-21/20120622-20120627/MMP-POPA21_20120623_040000.wav","MMP-POPA21_20120623_040000.wav",12173,"other"
"16","F://MMP2012_SONGMETER/POPA-21/20120622-20120627/MMP-POPA21_20120623_072258.wav","MMP-POPA21_20120623_072258.wav",9424,"other"
"16","F://MMP2012_SONGMETER/POPA-21/20120622-20120627/MMP-POPA21_20120623_183000.wav","MMP-POPA21_20120623_183000.wav",12173,"other"
"16","F://MMP2012_SONGMETER/POPA-21/20120622-20120627/MMP-POPA21_20120623_215259.wav","MMP-POPA21_20120623_215259.wav",2224,"other"
"16","F://MMP2012_SONGMETER/POPA-21/20120622-20120627/MMP-POPA21_20120624_040000.wav","MMP-POPA21_20120624_040000.wav",12173,"other"
"16","F://MMP2012_SONGMETER/POPA-21/20120622-20120627/MMP-POPA21_20120624_072258.wav","MMP-POPA21_20120624_072258.wav",9424,"other"
"16","F://MMP2012_SONGMETER/POPA-21/20120622-20120627/MMP-POPA21_20120624_183000.wav","MMP-POPA21_20120624_183000.wav",12173,"other"
"16","F://MMP2012_SONGMETER/POPA-21/20120622-20120627/MMP-POPA21_20120624_215258.wav","MMP-POPA21_20120624_215258.wav",2224,"other"
"16","F://MMP2012_SONGMETER/POPA-21/20120622-20120627/MMP-POPA21_20120625_040000.wav","MMP-POPA21_20120625_040000.wav",12173,"other"
"16","F://MMP2012_SONGMETER/POPA-21/20120622-20120627/MMP-POPA21_20120625_072258.wav","MMP-POPA21_20120625_072258.wav",9424,"other"
"16","F://MMP2012_SONGMETER/POPA-21/20120622-20120627/MMP-POPA21_20120625_183000.wav","MMP-POPA21_20120625_183000.wav",12173,"other"
"16","F://MMP2012_SONGMETER/POPA-21/20120622-20120627/MMP-POPA21_20120625_215258.wav","MMP-POPA21_20120625_215258.wav",2224,"other"
"16","F://MMP2012_SONGMETER/POPA-21/20120622-20120627/MMP-POPA21_20120626_040000.wav","MMP-POPA21_20120626_040000.wav",12173,"other"
"16","F://MMP2012_SONGMETER/POPA-21/20120622-20120627/MMP-POPA21_20120626_072258.wav","MMP-POPA21_20120626_072258.wav",9424,"other"
"16","F://MMP2012_SONGMETER/POPA-21/20120622-20120627/MMP-POPA21_20120626_183000.wav","MMP-POPA21_20120626_183000.wav",12173,"other"
"16","F://MMP2012_SONGMETER/POPA-21/20120622-20120627/MMP-POPA21_20120626_215258.wav","MMP-POPA21_20120626_215258.wav",2224,"other"
"16","F://MMP2012_SONGMETER/POPA-21/20120622-20120627/MMP-POPA21_20120627_040000.wav","MMP-POPA21_20120627_040000.wav",12173,"other"
"16","F://MMP2012_SONGMETER/POPA-21/20120622-20120627/MMP-POPA21_20120627_072258.wav","MMP-POPA21_20120627_072258.wav",9424,"other"
"16","F://MMP2012_SONGMETER/POPA-21/20120622-20120627/MMP-POPA21_20120627_183000.wav","MMP-POPA21_20120627_183000.wav",12173,"other"
"16","F://MMP2012_SONGMETER/POPA-21/20120622-20120627/MMP-POPA21_20120627_215259.wav","MMP-POPA21_20120627_215259.wav",2223,"other"
"16","F://MMP2012_SONGMETER/POPA-21/20120629-20120706/MMP-POPA21_20120629_190000.wav","MMP-POPA21_20120629_190000.wav",12173,"other"
"16","F://MMP2012_SONGMETER/POPA-21/20120629-20120706/MMP-POPA21_20120629_222258.wav","MMP-POPA21_20120629_222258.wav",2224,"other"
"16","F://MMP2012_SONGMETER/POPA-21/20120629-20120706/MMP-POPA21_20120630_040000.wav","MMP-POPA21_20120630_040000.wav",12173,"other"
"16","F://MMP2012_SONGMETER/POPA-21/20120629-20120706/MMP-POPA21_20120630_072258.wav","MMP-POPA21_20120630_072258.wav",9424,"other"
"16","F://MMP2012_SONGMETER/POPA-21/20120629-20120706/MMP-POPA21_20120630_190000.wav","MMP-POPA21_20120630_190000.wav",12173,"other"
"16","F://MMP2012_SONGMETER/POPA-21/20120629-20120706/MMP-POPA21_20120630_222258.wav","MMP-POPA21_20120630_222258.wav",2224,"other"
"16","F://MMP2012_SONGMETER/POPA-21/20120629-20120706/MMP-POPA21_20120701_040000.wav","MMP-POPA21_20120701_040000.wav",12173,"other"
"16","F://MMP2012_SONGMETER/POPA-21/20120629-20120706/MMP-POPA21_20120701_072258.wav","MMP-POPA21_20120701_072258.wav",9424,"other"
"16","F://MMP2012_SONGMETER/POPA-21/20120629-20120706/MMP-POPA21_20120701_190000.wav","MMP-POPA21_20120701_190000.wav",12173,"other"
"16","F://MMP2012_SONGMETER/POPA-21/20120629-20120706/MMP-POPA21_20120701_222258.wav","MMP-POPA21_20120701_222258.wav",2224,"other"
"16","F://MMP2012_SONGMETER/POPA-21/20120629-20120706/MMP-POPA21_20120702_040000.wav","MMP-POPA21_20120702_040000.wav",12173,"other"
"16","F://MMP2012_SONGMETER/POPA-21/20120629-20120706/MMP-POPA21_20120702_072258.wav","MMP-POPA21_20120702_072258.wav",9424,"other"
"16","F://MMP2012_SONGMETER/POPA-21/20120629-20120706/MMP-POPA21_20120702_190000.wav","MMP-POPA21_20120702_190000.wav",12173,"other"
"16","F://MMP2012_SONGMETER/POPA-21/20120629-20120706/MMP-POPA21_20120702_222258.wav","MMP-POPA21_20120702_222258.wav",2224,"other"
"16","F://MMP2012_SONGMETER/POPA-21/20120629-20120706/MMP-POPA21_20120703_040000.wav","MMP-POPA21_20120703_040000.wav",12173,"other"
"16","F://MMP2012_SONGMETER/POPA-21/20120629-20120706/MMP-POPA21_20120703_072258.wav","MMP-POPA21_20120703_072258.wav",9424,"other"
"16","F://MMP2012_SONGMETER/POPA-21/20120629-20120706/MMP-POPA21_20120703_190000.wav","MMP-POPA21_20120703_190000.wav",12173,"other"
"16","F://MMP2012_SONGMETER/POPA-21/20120629-20120706/MMP-POPA21_20120703_222258.wav","MMP-POPA21_20120703_222258.wav",2224,"other"
"16","F://MMP2012_SONGMETER/POPA-21/20120629-20120706/MMP-POPA21_20120704_040000.wav","MMP-POPA21_20120704_040000.wav",12173,"other"
"16","F://MMP2012_SONGMETER/POPA-21/20120629-20120706/MMP-POPA21_20120704_072258.wav","MMP-POPA21_20120704_072258.wav",9424,"other"
"16","F://MMP2012_SONGMETER/POPA-21/20120629-20120706/MMP-POPA21_20120704_222258.wav","MMP-POPA21_20120704_222258.wav",2224,"other"
"16","F://MMP2012_SONGMETER/POPA-21/20120629-20120706/MMP-POPA21_20120705_222259.wav","MMP-POPA21_20120705_222259.wav",2223,"other"
"16","F://MMP2012_SONGMETER/POPA-21/20120629-20120706/MMP-POPA21_20120706_222259.wav","MMP-POPA21_20120706_222259.wav",2223,"other"
"16","F://MMP2012_SONGMETER/POPA-21/20120704-20120709/MMP-POPA21_20120704_190000.wav","MMP-POPA21_20120704_190000.wav",12173,"other"
"16","F://MMP2012_SONGMETER/POPA-21/20120704-20120709/MMP-POPA21_20120705_040000.wav","MMP-POPA21_20120705_040000.wav",12173,"other"
"16","F://MMP2012_SONGMETER/POPA-21/20120704-20120709/MMP-POPA21_20120705_072259.wav","MMP-POPA21_20120705_072259.wav",9423,"other"
"16","F://MMP2012_SONGMETER/POPA-21/20120704-20120709/MMP-POPA21_20120705_190000.wav","MMP-POPA21_20120705_190000.wav",12173,"other"
"16","F://MMP2012_SONGMETER/POPA-21/20120704-20120709/MMP-POPA21_20120706_040000.wav","MMP-POPA21_20120706_040000.wav",12173,"other"
"16","F://MMP2012_SONGMETER/POPA-21/20120704-20120709/MMP-POPA21_20120706_072259.wav","MMP-POPA21_20120706_072259.wav",9423,"other"
"16","F://MMP2012_SONGMETER/POPA-21/20120704-20120709/MMP-POPA21_20120706_190000.wav","MMP-POPA21_20120706_190000.wav",12173,"other"
"16","F://MMP2012_SONGMETER/POPA-21/20120704-20120709/MMP-POPA21_20120707_040000.wav","MMP-POPA21_20120707_040000.wav",12173,"other"
"16","F://MMP2012_SONGMETER/POPA-21/20120704-20120709/MMP-POPA21_20120707_072259.wav","MMP-POPA21_20120707_072259.wav",9423,"other"
"16","F://MMP2012_SONGMETER/POPA-21/20120704-20120709/MMP-POPA21_20120707_190000.wav","MMP-POPA21_20120707_190000.wav",12173,"other"
"16","F://MMP2012_SONGMETER/POPA-21/20120704-20120709/MMP-POPA21_20120707_222259.wav","MMP-POPA21_20120707_222259.wav",2223,"other"
"16","F://MMP2012_SONGMETER/POPA-21/20120704-20120709/MMP-POPA21_20120708_040000.wav","MMP-POPA21_20120708_040000.wav",12173,"other"
"16","F://MMP2012_SONGMETER/POPA-21/20120704-20120709/MMP-POPA21_20120708_072259.wav","MMP-POPA21_20120708_072259.wav",9423,"other"
"16","F://MMP2012_SONGMETER/POPA-21/20120704-20120709/MMP-POPA21_20120708_190000.wav","MMP-POPA21_20120708_190000.wav",12173,"other"
"16","F://MMP2012_SONGMETER/POPA-21/20120704-20120709/MMP-POPA21_20120708_222259.wav","MMP-POPA21_20120708_222259.wav",2223,"other"
"16","F://MMP2012_SONGMETER/POPA-21/20120704-20120709/MMP-POPA21_20120709_040000.wav","MMP-POPA21_20120709_040000.wav",12173,"other"
"16","F://MMP2012_SONGMETER/POPA-21/20120704-20120709/MMP-POPA21_20120709_072259.wav","MMP-POPA21_20120709_072259.wav",9423,"other"
"16","F://MMP2012_SONGMETER/POPA-23/20120622-20120627/MMP-POPA23_20120621_040000.wav","MMP-POPA23_20120621_040000.wav",0,"other"
"16","F://MMP2012_SONGMETER/POPA-23/20120622-20120627/MMP-POPA23_20120622_091702.wav","MMP-POPA23_20120622_091702.wav",2583,"other"
"16","F://MMP2012_SONGMETER/POPA-23/20120622-20120627/MMP-POPA23_20120622_190000.wav","MMP-POPA23_20120622_190000.wav",12173,"other"
"16","F://MMP2012_SONGMETER/POPA-23/20120622-20120627/MMP-POPA23_20120622_222258.wav","MMP-POPA23_20120622_222258.wav",2224,"other"
"16","F://MMP2012_SONGMETER/POPA-23/20120622-20120627/MMP-POPA23_20120623_040000.wav","MMP-POPA23_20120623_040000.wav",12173,"other"
"16","F://MMP2012_SONGMETER/POPA-23/20120622-20120627/MMP-POPA23_20120623_072258.wav","MMP-POPA23_20120623_072258.wav",9424,"other"
"16","F://MMP2012_SONGMETER/POPA-23/20120622-20120627/MMP-POPA23_20120623_190000.wav","MMP-POPA23_20120623_190000.wav",12173,"other"
"16","F://MMP2012_SONGMETER/POPA-23/20120622-20120627/MMP-POPA23_20120623_222258.wav","MMP-POPA23_20120623_222258.wav",2224,"other"
"16","F://MMP2012_SONGMETER/POPA-23/20120622-20120627/MMP-POPA23_20120624_040000.wav","MMP-POPA23_20120624_040000.wav",12173,"other"
"16","F://MMP2012_SONGMETER/POPA-23/20120622-20120627/MMP-POPA23_20120624_072258.wav","MMP-POPA23_20120624_072258.wav",9424,"other"
"16","F://MMP2012_SONGMETER/POPA-23/20120622-20120627/MMP-POPA23_20120624_190000.wav","MMP-POPA23_20120624_190000.wav",12173,"other"
"16","F://MMP2012_SONGMETER/POPA-23/20120622-20120627/MMP-POPA23_20120624_222258.wav","MMP-POPA23_20120624_222258.wav",2224,"other"
"16","F://MMP2012_SONGMETER/POPA-23/20120622-20120627/MMP-POPA23_20120625_040000.wav","MMP-POPA23_20120625_040000.wav",12173,"other"
"16","F://MMP2012_SONGMETER/POPA-23/20120622-20120627/MMP-POPA23_20120625_072258.wav","MMP-POPA23_20120625_072258.wav",9424,"other"
"16","F://MMP2012_SONGMETER/POPA-23/20120622-20120627/MMP-POPA23_20120625_190000.wav","MMP-POPA23_20120625_190000.wav",12173,"other"
"16","F://MMP2012_SONGMETER/POPA-23/20120622-20120627/MMP-POPA23_20120625_222258.wav","MMP-POPA23_20120625_222258.wav",2224,"other"
"16","F://MMP2012_SONGMETER/POPA-23/20120622-20120627/MMP-POPA23_20120626_040000.wav","MMP-POPA23_20120626_040000.wav",12173,"other"
"16","F://MMP2012_SONGMETER/POPA-23/20120622-20120627/MMP-POPA23_20120626_072258.wav","MMP-POPA23_20120626_072258.wav",9424,"other"
"16","F://MMP2012_SONGMETER/POPA-23/20120622-20120627/MMP-POPA23_20120626_190000.wav","MMP-POPA23_20120626_190000.wav",12173,"other"
"16","F://MMP2012_SONGMETER/POPA-23/20120622-20120627/MMP-POPA23_20120626_222258.wav","MMP-POPA23_20120626_222258.wav",2224,"other"
"16","F://MMP2012_SONGMETER/POPA-23/20120622-20120627/MMP-POPA23_20120627_072258.wav","MMP-POPA23_20120627_072258.wav",9424,"other"
"16","F://MMP2012_SONGMETER/POPA-23/20120627-20120702/MMP-POPA23_20120627_040000.wav","MMP-POPA23_20120627_040000.wav",12173,"other"
"16","F://MMP2012_SONGMETER/POPA-23/20120627-20120702/MMP-POPA23_20120627_190000.wav","MMP-POPA23_20120627_190000.wav",12173,"other"
"16","F://MMP2012_SONGMETER/POPA-23/20120627-20120702/MMP-POPA23_20120627_222259.wav","MMP-POPA23_20120627_222259.wav",2224,"other"
"16","F://MMP2012_SONGMETER/POPA-23/20120627-20120702/MMP-POPA23_20120628_040000.wav","MMP-POPA23_20120628_040000.wav",12173,"other"
"16","F://MMP2012_SONGMETER/POPA-23/20120627-20120702/MMP-POPA23_20120628_072259.wav","MMP-POPA23_20120628_072259.wav",9423,"other"
"16","F://MMP2012_SONGMETER/POPA-23/20120627-20120702/MMP-POPA23_20120628_190000.wav","MMP-POPA23_20120628_190000.wav",12173,"other"
"16","F://MMP2012_SONGMETER/POPA-23/20120627-20120702/MMP-POPA23_20120628_222259.wav","MMP-POPA23_20120628_222259.wav",2223,"other"
"16","F://MMP2012_SONGMETER/POPA-23/20120627-20120702/MMP-POPA23_20120629_040000.wav","MMP-POPA23_20120629_040000.wav",12173,"other"
"16","F://MMP2012_SONGMETER/POPA-23/20120627-20120702/MMP-POPA23_20120629_072259.wav","MMP-POPA23_20120629_072259.wav",9423,"other"
"16","F://MMP2012_SONGMETER/POPA-23/20120627-20120702/MMP-POPA23_20120629_190000.wav","MMP-POPA23_20120629_190000.wav",12173,"other"
"16","F://MMP2012_SONGMETER/POPA-23/20120627-20120702/MMP-POPA23_20120629_222259.wav","MMP-POPA23_20120629_222259.wav",2223,"other"
"16","F://MMP2012_SONGMETER/POPA-23/20120627-20120702/MMP-POPA23_20120630_040000.wav","MMP-POPA23_20120630_040000.wav",12173,"other"
"16","F://MMP2012_SONGMETER/POPA-23/20120627-20120702/MMP-POPA23_20120630_072259.wav","MMP-POPA23_20120630_072259.wav",9423,"other"
"16","F://MMP2012_SONGMETER/POPA-23/20120627-20120702/MMP-POPA23_20120630_190000.wav","MMP-POPA23_20120630_190000.wav",12173,"other"
"16","F://MMP2012_SONGMETER/POPA-23/20120627-20120702/MMP-POPA23_20120630_222259.wav","MMP-POPA23_20120630_222259.wav",2223,"other"
"16","F://MMP2012_SONGMETER/POPA-23/20120627-20120702/MMP-POPA23_20120701_040000.wav","MMP-POPA23_20120701_040000.wav",12173,"other"
"16","F://MMP2012_SONGMETER/POPA-23/20120627-20120702/MMP-POPA23_20120701_072259.wav","MMP-POPA23_20120701_072259.wav",9423,"other"
"16","F://MMP2012_SONGMETER/POPA-23/20120627-20120702/MMP-POPA23_20120701_190000.wav","MMP-POPA23_20120701_190000.wav",12173,"other"
"16","F://MMP2012_SONGMETER/POPA-23/20120627-20120702/MMP-POPA23_20120701_222259.wav","MMP-POPA23_20120701_222259.wav",2223,"other"
"16","F://MMP2012_SONGMETER/POPA-23/20120627-20120702/MMP-POPA23_20120702_040000.wav","MMP-POPA23_20120702_040000.wav",12173,"other"
"16","F://MMP2012_SONGMETER/POPA-23/20120702-20120703/MMP-POPA23_20120702_072259.wav","MMP-POPA23_20120702_072259.wav",9424,"other"
"16","F://MMP2012_SONGMETER/POPA-23/20120702-20120703/MMP-POPA23_20120702_190000.wav","MMP-POPA23_20120702_190000.wav",12173,"other"
"16","F://MMP2012_SONGMETER/POPA-23/20120702-20120703/MMP-POPA23_20120702_222259.wav","MMP-POPA23_20120702_222259.wav",2223,"other"
"16","F://MMP2012_SONGMETER/POPA-23/20120702-20120703/MMP-POPA23_20120703_040000.wav","MMP-POPA23_20120703_040000.wav",12173,"other"
"16","F://MMP2012_SONGMETER/POPA-23/20120702-20120703/MMP-POPA23_20120703_072300.wav","MMP-POPA23_20120703_072300.wav",9422,"other"
"16","F://MMP2012_SONGMETER/POPA-26/20120627-20120706/MMP-POPA26_20120630_190000.wav","MMP-POPA26_20120630_190000.wav",12173,"other"
"16","F://MMP2012_SONGMETER/POPA-26/20120627-20120706/MMP-POPA26_20120630_222258.wav","MMP-POPA26_20120630_222258.wav",2224,"other"
"16","F://MMP2012_SONGMETER/POPA-26/20120627-20120706/MMP-POPA26_20120701_040000.wav","MMP-POPA26_20120701_040000.wav",12173,"other"
"16","F://MMP2012_SONGMETER/POPA-26/20120627-20120706/MMP-POPA26_20120701_072258.wav","MMP-POPA26_20120701_072258.wav",9424,"other"
"16","F://MMP2012_SONGMETER/POPA-26/20120627-20120706/MMP-POPA26_20120701_190000.wav","MMP-POPA26_20120701_190000.wav",12173,"other"
"16","F://MMP2012_SONGMETER/POPA-26/20120627-20120706/MMP-POPA26_20120701_222258.wav","MMP-POPA26_20120701_222258.wav",2224,"other"
"16","F://MMP2012_SONGMETER/POPA-26/20120627-20120706/MMP-POPA26_20120702_040000.wav","MMP-POPA26_20120702_040000.wav",12173,"other"
"16","F://MMP2012_SONGMETER/POPA-26/20120627-20120706/MMP-POPA26_20120702_072258.wav","MMP-POPA26_20120702_072258.wav",9424,"other"
"16","F://MMP2012_SONGMETER/POPA-26/20120627-20120706/MMP-POPA26_20120702_190000.wav","MMP-POPA26_20120702_190000.wav",12173,"other"
"16","F://MMP2012_SONGMETER/POPA-26/20120627-20120706/MMP-POPA26_20120702_222258.wav","MMP-POPA26_20120702_222258.wav",2224,"other"
"16","F://MMP2012_SONGMETER/POPA-26/20120627-20120706/MMP-POPA26_20120703_040000.wav","MMP-POPA26_20120703_040000.wav",12173,"other"
"16","F://MMP2012_SONGMETER/POPA-26/20120627-20120706/MMP-POPA26_20120703_072258.wav","MMP-POPA26_20120703_072258.wav",9424,"other"
"16","F://MMP2012_SONGMETER/POPA-26/20120627-20120706/MMP-POPA26_20120703_190000.wav","MMP-POPA26_20120703_190000.wav",12173,"other"
"16","F://MMP2012_SONGMETER/POPA-26/20120627-20120706/MMP-POPA26_20120703_222258.wav","MMP-POPA26_20120703_222258.wav",2224,"other"
"16","F://MMP2012_SONGMETER/POPA-26/20120627-20120706/MMP-POPA26_20120704_040000.wav","MMP-POPA26_20120704_040000.wav",12173,"other"
"16","F://MMP2012_SONGMETER/POPA-26/20120627-20120706/MMP-POPA26_20120704_072258.wav","MMP-POPA26_20120704_072258.wav",9424,"other"
"16","F://MMP2012_SONGMETER/POPA-26/20120627-20120706/MMP-POPA26_20120704_222258.wav","MMP-POPA26_20120704_222258.wav",2224,"other"
"16","F://MMP2012_SONGMETER/POPA-26/20120627-20120706/MMP-POPA26_20120705_222259.wav","MMP-POPA26_20120705_222259.wav",2223,"other"
"16","F://MMP2012_SONGMETER/POPA-26/20120627-20120706/MMP-POPA26_20120706_222259.wav","MMP-POPA26_20120706_222259.wav",2223,"other"
"16","F://MMP2012_SONGMETER/POPA-26/20120704-20120710/MMP-POPA26_20120704_190000.wav","MMP-POPA26_20120704_190000.wav",12173,"other"
"16","F://MMP2012_SONGMETER/POPA-26/20120704-20120710/MMP-POPA26_20120705_040000.wav","MMP-POPA26_20120705_040000.wav",12173,"other"
"16","F://MMP2012_SONGMETER/POPA-26/20120704-20120710/MMP-POPA26_20120705_072259.wav","MMP-POPA26_20120705_072259.wav",9424,"other"
"16","F://MMP2012_SONGMETER/POPA-26/20120704-20120710/MMP-POPA26_20120705_190000.wav","MMP-POPA26_20120705_190000.wav",12173,"other"
"16","F://MMP2012_SONGMETER/POPA-26/20120704-20120710/MMP-POPA26_20120706_040000.wav","MMP-POPA26_20120706_040000.wav",12173,"other"
"16","F://MMP2012_SONGMETER/POPA-26/20120704-20120710/MMP-POPA26_20120706_072259.wav","MMP-POPA26_20120706_072259.wav",9423,"other"
"16","F://MMP2012_SONGMETER/POPA-26/20120704-20120710/MMP-POPA26_20120706_190000.wav","MMP-POPA26_20120706_190000.wav",12173,"other"
"16","F://MMP2012_SONGMETER/POPA-26/20120704-20120710/MMP-POPA26_20120707_040000.wav","MMP-POPA26_20120707_040000.wav",12173,"other"
"16","F://MMP2012_SONGMETER/POPA-26/20120704-20120710/MMP-POPA26_20120707_072259.wav","MMP-POPA26_20120707_072259.wav",9423,"other"
"16","F://MMP2012_SONGMETER/POPA-26/20120704-20120710/MMP-POPA26_20120707_190000.wav","MMP-POPA26_20120707_190000.wav",12173,"other"
"16","F://MMP2012_SONGMETER/POPA-26/20120704-20120710/MMP-POPA26_20120707_222259.wav","MMP-POPA26_20120707_222259.wav",2223,"other"
"16","F://MMP2012_SONGMETER/POPA-26/20120704-20120710/MMP-POPA26_20120708_040000.wav","MMP-POPA26_20120708_040000.wav",12173,"other"
"16","F://MMP2012_SONGMETER/POPA-26/20120704-20120710/MMP-POPA26_20120708_072259.wav","MMP-POPA26_20120708_072259.wav",9423,"other"
"16","F://MMP2012_SONGMETER/POPA-26/20120704-20120710/MMP-POPA26_20120708_190000.wav","MMP-POPA26_20120708_190000.wav",12173,"other"
"16","F://MMP2012_SONGMETER/POPA-26/20120704-20120710/MMP-POPA26_20120708_222259.wav","MMP-POPA26_20120708_222259.wav",2223,"other"
"16","F://MMP2012_SONGMETER/POPA-26/20120704-20120710/MMP-POPA26_20120709_040000.wav","MMP-POPA26_20120709_040000.wav",12173,"other"
"16","F://MMP2012_SONGMETER/POPA-26/20120704-20120710/MMP-POPA26_20120709_072259.wav","MMP-POPA26_20120709_072259.wav",9423,"other"
"16","F://MMP2012_SONGMETER/POPA-26/20120704-20120710/MMP-POPA26_20120709_222259.wav","MMP-POPA26_20120709_222259.wav",2223,"other"
"16","F://MMP2012_SONGMETER/POPA-26/20120704-20120710/MMP-POPA26_20120710_222258.wav","MMP-POPA26_20120710_222258.wav",2224,"other"
"16","F://MMP2012_SONGMETER/POPA-26/20120709-20120711/MMP-POPA26_20120709_190000.wav","MMP-POPA26_20120709_190000.wav",12173,"other"
"16","F://MMP2012_SONGMETER/POPA-26/20120709-20120711/MMP-POPA26_20120710_040000.wav","MMP-POPA26_20120710_040000.wav",12173,"other"
"16","F://MMP2012_SONGMETER/POPA-26/20120709-20120711/MMP-POPA26_20120710_072259.wav","MMP-POPA26_20120710_072259.wav",9423,"other"
"16","F://MMP2012_SONGMETER/POPA-26/20120709-20120711/MMP-POPA26_20120710_190000.wav","MMP-POPA26_20120710_190000.wav",12173,"other"
"16","F://MMP2012_SONGMETER/POPA-26/20120709-20120711/MMP-POPA26_20120711_040000.wav","MMP-POPA26_20120711_040000.wav",12173,"other"
"16","F://MMP2012_SONGMETER/POPA-26/20120709-20120711/MMP-POPA26_20120711_072258.wav","MMP-POPA26_20120711_072258.wav",0,"other"
"16","F://RECYCLER/S-1-5-21-1470048665-250928023-3519934617-1007/Df6.wav","Df6.wav",2224,"other"
"16","F://RECYCLER/S-1-5-21-1470048665-250928023-3519934617-1007/Df7.wav","Df7.wav",12173,"other"
"16","F://RECYCLER/S-1-5-21-1470048665-250928023-3519934617-1007/Df8.wav","Df8.wav",9424,"other"
